ranker;player;nationality;position;team;age;birth_year;games;games_starts;minutes;minutes_90s;goals;assists;goals_assists;goals_pens;pens_made;pens_att;cards_yellow;cards_red;goals_per90;assists_per90;goals_assists_per90;goals_pens_per90;goals_assists_pens_per90;matches
1;Matías Abaldo;URU;MF,FW;Independiente;22-180;2004;25;21;1734;19.3;5;3;8;5;0;0;3;1;0.26;0.16;0.42;0.26;0.42;Matches
2;Carlos Abeldano;ARG;FW;Atlé Tucumán;21-174;2005;9;6;575;6.4;1;0;1;1;0;0;2;0;0.16;0.00;0.16;0.16;0.16;Matches
3;Ramón Ábila;ARG;FW;Estudiantes–RC;36-351;1989;8;1;196;2.2;0;0;0;0;0;0;2;0;0.00;0.00;0.00;0.00;0.00;Matches
4;Ignacio Abraham;SYR;DF,MF;Banfield;28-261;1998;25;24;2184;24.3;0;4;4;0;0;0;1;0;0.00;0.16;0.16;0.00;0.16;Matches
5;Gonzalo Abrego;ARG;MF;CA San Lorenzo;26-266;2000;12;6;555;6.2;0;0;0;0;0;0;1;0;0.00;0.00;0.00;0.00;0.00;Matches
6;Gustavo Abregú;ARG;MF;Instituto;29-088;1997;24;22;1906;21.2;0;3;3;0;0;0;2;0;0.00;0.14;0.14;0.00;0.14;Matches
7;Jonás Acevedo;ARG;MF;Instituto;29-236;1997;12;1;226;2.5;0;0;0;0;0;0;0;0;0.00;0.00;0.00;0.00;0.00;Matches
8;Benjamin Acosta;ARG;FW;Lanús;20-234;2006;3;0;39;0.4;0;0;0;0;0;0;1;0;0.00;0.00;0.00;0.00;0.00;Matches
9;Jeremías Acosta;ARG;FW;Banfield;18-268;2008;1;0;6;0.1;0;0;0;0;0;0;0;0;0.00;0.00;0.00;0.00;0.00;Matches
10;Lucas Acosta;ARG;GK;Aldosivi;31-202;1995;7;7;630;7.0;0;0;0;0;0;0;0;0;0.00;0.00;0.00;0.00;0.00;Matches
11;Marcos Acuña;ARG;DF;River Plate;34-337;1991;17;15;1318;14.6;0;1;1;0;0;0;8;0;0.00;0.07;0.07;0.00;0.07;Matches
12;Valentino Acuña;ARG;MF;Newell's;20-246;2006;6;4;296;3.3;0;0;0;0;0;0;1;0;0.00;0.00;0.00;0.00;0.00;Matches
13;Tomás Adoryán;ARM;MF;Banfield;25-008;2001;19;12;1064;11.8;0;2;2;0;0;0;9;0;0.00;0.17;0.17;0.00;0.17;Matches
14;Alan Aguerre;ARG;GK;C. Córdoba–SdE;36-038;1990;24;24;2027;22.5;0;1;1;0;0;0;2;0;0.00;0.04;0.04;0.00;0.04;Matches
15;Mateo Aguiar;ARG;MF;Defensa;19-196;2007;9;0;157;1.7;0;0;0;0;0;0;1;1;0.00;0.00;0.00;0.00;0.00;Matches
16;Pablo Aguiar;ARG;MF;Gimnasia–LP;20-196;2006;5;2;148;1.6;0;0;0;0;0;0;0;0;0.00;0.00;0.00;0.00;0.00;Matches
17;Brian Aguirre;ARG;MF;Estudiantes–LP;23-121;2003;17;6;664;7.4;1;2;3;1;0;0;2;0;0.14;0.27;0.41;0.14;0.41;Matches
18;Brian Aguirre;ARG;FW,MF;Boca Juniors;23-121;2003;1;0;22;0.2;0;0;0;0;0;0;0;0;0.00;0.00;0.00;0.00;0.00;Matches
19;Misael Aguirre;ARG;FW,MF;Unión;18-336;2007;18;4;576;6.4;1;0;1;1;0;0;0;0;0.16;0.00;0.16;0.16;0.16;Matches
20;Santino Aguirre;ARG;MF;Racing Club;19-199;2007;1;0;9;0.1;0;0;0;0;0;0;0;0;0.00;0.00;0.00;0.00;0.00;Matches
21;Thiago Aguirre;ARG;FW;Vélez Sarsfield;17-228;2009;7;1;219;2.4;1;1;2;1;0;0;0;0;0.41;0.41;0.82;0.41;0.82;Matches
22;Manuel Agustín Duarte;ARG;MF;Barracas Central;25-038;2001;5;0;97;1.1;0;0;0;0;0;0;0;0;0.00;0.00;0.00;0.00;0.00;Matches
23;Facundo Alaggia;ARG;MF;Sarmiento–J;21-121;2005;4;0;42;0.5;0;0;0;0;0;0;0;0;0.00;0.00;0.00;0.00;0.00;Matches
24;Gabriel Alanís;ARG;MF,FW;Estudiantes–RC;32-198;1994;23;19;1585;17.6;2;0;2;2;0;0;0;1;0.11;0.00;0.11;0.11;0.11;Matches
25;Fernando Alarcón;ARG;DF;Instituto;32-106;1994;23;22;1942;21.6;2;0;2;2;0;0;10;0;0.09;0.00;0.09;0.09;0.09;Matches
26;Williams Alarcón;CHI;MF;Boca Juniors;25-314;2000;8;7;471;5.2;0;1;1;0;0;0;1;0;0.00;0.19;0.19;0.00;0.19;Matches
27;Lucas Alario;ARG;FW;Estudiantes–LP;33-357;1992;7;2;226;2.5;1;0;1;1;0;0;1;0;0.40;0.00;0.40;0.40;0.40;Matches
28;Gonzalo Alassia;ARG;MF;CA San Lorenzo;22-229;2004;2;2;90;1.0;0;0;0;0;0;0;0;0;0.00;0.00;0.00;0.00;0.00;Matches
29;Alan Alcaraz;ARG;MF;Arg Juniors;17-272;2009;3;0;78;0.9;0;0;0;0;0;0;0;0;0.00;0.00;0.00;0.00;0.00;Matches
30;Rodrigo Aliendro;ARG;MF;Vélez Sarsfield;35-226;1991;26;17;1604;17.8;1;0;1;1;0;0;1;0;0.06;0.00;0.06;0.06;0.06;Matches
31;Ángel Almada;ARG;MF;Dep. Riestra;26-009;2000;2;0;47;0.5;0;0;0;0;0;0;1;0;0.00;0.00;0.00;0.00;0.00;Matches
32;Thiago Almada;ARG;MF;River Plate;25-157;2001;6;6;447;5.0;2;0;2;1;1;1;1;0;0.40;0.00;0.40;0.20;0.20;Matches
33;Antony Alonso;ARG;MF,FW;Dep. Riestra;28-142;1998;25;21;1705;18.9;4;1;5;4;0;0;3;0;0.21;0.05;0.26;0.21;0.26;Matches
34;Facundo Altamira;;MF;Defensa;;;6;1;166;1.8;0;0;0;0;0;0;1;0;0.00;0.00;0.00;0.00;0.00;Matches
35;Agustín Álvarez;URU;FW;Talleres–C;25-134;2001;5;5;319;3.5;2;1;3;1;1;1;0;1;0.56;0.28;0.85;0.28;0.56;Matches
36;Emiliano Álvarez;URU;DF;Unión;25-236;2001;4;0;77;0.9;0;1;1;0;0;0;0;0;0.00;1.17;1.17;0.00;1.17;Matches
37;Fabio Álvarez;ARG;MF;Banfield;33-250;1993;7;3;258;2.9;0;0;0;0;0;0;3;0;0.00;0.00;0.00;0.00;0.00;Matches
38;Federico Álvarez;ARG;DF;Tigre;32-054;1994;20;15;1447;16.1;0;1;1;0;0;0;2;0;0.00;0.06;0.06;0.00;0.06;Matches
39;Francisco Álvarez;ARG;DF;Arg Juniors;26-216;2000;25;25;2243;24.9;2;0;2;2;0;0;9;0;0.08;0.00;0.08;0.08;0.08;Matches
40;Juan Álvarez;ARG;FW,MF;Gimnasia–M;30-232;1996;1;0;29;0.3;0;0;0;0;0;0;0;0;0.00;0.00;0.00;0.00;0.00;Matches
41;Juan Álvarez;ARG;MF;CA San Lorenzo;30-232;1996;5;4;255;2.8;0;0;0;0;0;0;0;0;0.00;0.00;0.00;0.00;0.00;Matches
42;Franco Amarfil;ARG;MF;Platense;25-203;2001;17;14;1149;12.8;0;1;1;0;0;0;8;0;0.00;0.08;0.08;0.00;0.08;Matches
43;Mikel Amondarain;ARG;MF;Estudiantes–LP;21-267;2005;15;10;1047;11.6;2;1;3;2;0;0;2;0;0.17;0.09;0.26;0.17;0.26;Matches
44;Emiliano Amor;SYR;DF;Defensa;31-137;1995;15;15;1304;14.5;1;0;1;1;0;0;2;0;0.07;0.00;0.07;0.07;0.07;Matches
45;Emiliano Amor;SYR;DF;CA San Lorenzo;31-137;1995;8;8;720;8.0;0;0;0;0;0;0;0;0;0.00;0.00;0.00;0.00;0.00;Matches
46;Brian Andrada;ARG;MF,FW;Gimnasia–M;29-100;1997;9;4;318;3.5;0;0;0;0;0;0;0;0;0.00;0.00;0.00;0.00;0.00;Matches
47;Tobías Andrada;ARG;MF;Vélez Sarsfield;19-240;2007;16;16;1436;16.0;1;1;2;1;0;0;5;0;0.06;0.06;0.13;0.06;0.13;Matches
48;Tobías Andrada;ARG;MF;River Plate;19-240;2007;7;7;512;5.7;1;0;1;1;0;0;1;0;0.18;0.00;0.18;0.18;0.18;Matches
49;Luis Angulo;COL;MF;Talleres–C;22-191;2004;1;0;13;0.1;0;0;0;0;0;0;0;0;0.00;0.00;0.00;0.00;0.00;Matches
50;Federico Anselmo;ARG;FW;Banfield;32-166;1994;9;0;137;1.5;0;0;0;0;0;0;0;0;0.00;0.00;0.00;0.00;0.00;Matches
51;Felipe Anso;ARG;MF;Aldosivi;19-206;2007;7;6;452;5.0;1;0;1;1;0;0;2;0;0.20;0.00;0.20;0.20;0.20;Matches
52;Fermín Antonini;ARG;MF;Gimnasia–M;29-090;1997;21;19;1465;16.3;0;2;2;0;0;0;6;0;0.00;0.12;0.12;0.00;0.12;Matches
53;Juan Antonini;ARG;DF;Estudiantes–RC;27-210;1999;15;13;1222;13.6;0;0;0;0;0;0;1;1;0.00;0.00;0.00;0.00;0.00;Matches
54;Dylan Aquino;ARG;MF;Lanús;21-118;2005;19;8;830;9.2;6;2;8;6;0;0;4;0;0.65;0.22;0.87;0.65;0.87;Matches
55;Mauro Arambarri;URU;MF;River Plate;31-000;1995;6;1;167;1.9;0;0;0;0;0;0;2;0;0.00;0.00;0.00;0.00;0.00;Matches
56;Tomás Aranda;ARG;MF,FW;Boca Juniors;19-144;2007;19;11;1085;12.1;1;3;4;1;0;0;2;0;0.08;0.25;0.33;0.08;0.33;Matches
57;Danilo Arboleda;COL;DF;CA San Lorenzo;31-137;1995;7;7;630;7.0;0;1;1;0;0;0;0;0;0.00;0.14;0.14;0.00;0.14;Matches
58;Danilo Arboleda;COL;DF;Banfield;31-137;1995;16;16;1374;15.3;0;0;0;0;0;0;2;0;0.00;0.00;0.00;0.00;0.00;Matches
59;Iván Arboleda;COL;GK;Sarmiento–J;30-162;1996;2;2;180;2.0;0;0;0;0;0;0;0;0;0.00;0.00;0.00;0.00;0.00;Matches
60;Álex Arce;PAR;FW;Ind. Rivadavia;31-106;1995;18;10;1094;12.2;9;1;10;7;2;3;6;0;0.74;0.08;0.82;0.58;0.66;Matches
61;Carlos Arce;ARG;MF;Barracas Central;36-014;1990;1;0;4;0.0;0;0;0;0;0;0;0;0;0.00;0.00;0.00;0.00;0.00;Matches
62;Ignacio Arce;ARG;GK;Dep. Riestra;34-175;1992;26;26;2340;26.0;0;0;0;0;0;0;4;0;0.00;0.00;0.00;0.00;0.00;Matches
63;Gabriel Arias;CHI;GK;Newell's;39-017;1987;7;7;612;6.8;0;0;0;0;0;0;1;0;0.00;0.00;0.00;0.00;0.00;Matches
64;Junior Arias;URU;FW;Aldosivi;33-136;1993;11;9;714;7.9;0;0;0;0;0;0;2;0;0.00;0.00;0.00;0.00;0.00;Matches
65;Matías Arias;ARG;MF;Vélez Sarsfield;19-145;2007;6;1;138;1.5;0;1;1;0;0;0;1;0;0.00;0.65;0.65;0.00;0.65;Matches
66;Oscar Arias;ARG;DF;CA San Lorenzo;21-271;2005;1;1;52;0.6;0;0;0;0;0;0;0;0;0.00;0.00;0.00;0.00;0.00;Matches
67;Ramón Arias;URU;DF;Tigre;34-065;1992;7;3;293;3.3;0;0;0;0;0;0;1;0;0.00;0.00;0.00;0.00;0.00;Matches
68;Santiago Arias;COL;DF;Independiente;34-260;1992;18;11;1179;13.1;0;2;2;0;0;0;2;0;0.00;0.15;0.15;0.00;0.15;Matches
69;Joaquín Ariel Novillo;ARG;DF;Aldosivi;28-223;1998;8;8;654;7.3;0;0;0;0;0;0;0;0;0.00;0.00;0.00;0.00;0.00;Matches
70;Franco Armani;ARG;GK;River Plate;39-349;1986;1;1;45;0.5;0;0;0;0;0;0;0;0;0.00;0.00;0.00;0.00;0.00;Matches
71;Blas Armoa;PAR;FW;Gimnasia–M;26-239;2000;10;3;325;3.6;1;0;1;1;0;0;1;0;0.28;0.00;0.28;0.28;0.28;Matches
72;Gaston Arturia;ARG;DF;Sarmiento–J;26-336;1999;12;5;510;5.7;0;0;0;0;0;0;1;0;0.00;0.00;0.00;0.00;0.00;Matches
73;Santiago Ascacíbar;ARG;MF;Estudiantes–LP;29-217;1997;1;1;90;1.0;0;0;0;0;0;0;0;0;0.00;0.00;0.00;0.00;0.00;Matches
74;Santiago Ascacíbar;ARG;MF;Boca Juniors;29-217;1997;21;17;1573;17.5;5;2;7;5;0;0;4;0;0.29;0.11;0.40;0.29;0.40;Matches
75;Jorge de Asís;ARG;FW;Gimnasia–LP;20-244;2006;2;0;23;0.3;0;0;0;0;0;0;0;1;0.00;0.00;0.00;0.00;0.00;Matches
76;Rodrigo Atencio;ARG;MF,FW;Ind. Rivadavia;24-092;2002;19;7;853;9.5;0;4;4;0;0;0;0;0;0.00;0.42;0.42;0.00;0.42;Matches
77;Agustín Auzmendi;ARG;FW;Gimnasia–LP;29-241;1997;26;14;1371;15.2;7;3;10;6;1;1;1;0;0.46;0.20;0.66;0.39;0.59;Matches
78;Rodrigo Auzmendi;ARG;FW;CA San Lorenzo;25-271;2001;17;14;1239;13.8;5;0;5;5;0;0;4;0;0.36;0.00;0.36;0.36;0.36;Matches
79;Rodrigo Auzmendi;ARG;FW;Banfield;25-271;2001;7;1;187;2.1;0;0;0;0;0;0;1;0;0.00;0.00;0.00;0.00;0.00;Matches
80;Gabriel Ávalos;PAR;FW;Independiente;35-353;1990;22;22;1951;21.7;10;5;15;8;2;2;3;0;0.46;0.23;0.69;0.37;0.60;Matches
81;Ezequiel Ávila;ARG;FW;Independiente;32-236;1994;3;2;131;1.5;0;0;0;0;0;0;0;0;0.00;0.00;0.00;0.00;0.00;Matches
82;Gastón Ávila;ARG;DF;Rosario Central;25-000;2001;19;17;1549;17.2;2;2;4;2;0;0;2;0;0.12;0.12;0.23;0.12;0.23;Matches
83;Lucas Ayala;ARG;DF;Unión;19-231;2007;8;8;657;7.3;0;1;1;0;0;0;1;0;0.00;0.14;0.14;0.00;0.14;Matches
84;Thyago Ayala;ARG;GK;Sarmiento–J;25-023;2001;8;8;720;8.0;0;0;0;0;0;0;0;0;0.00;0.00;0.00;0.00;0.00;Matches
85;Renzo Bacchia;URU;GK;Estudiantes–RC;27-250;1999;5;5;450;5.0;0;0;0;0;0;0;1;0;0.00;0.00;0.00;0.00;0.00;Matches
86;Rodrigo Bacidalupe;ARG;FW;Boca Juniors;19-070;2007;1;0;19;0.2;0;0;0;0;0;0;0;0;0.00;0.00;0.00;0.00;0.00;Matches
87;Tomás Badaloni;ARG;FW;Rosario Central;26-151;2000;6;3;278;3.1;0;1;1;0;0;0;0;0;0.00;0.32;0.32;0.00;0.32;Matches
88;Gabriel Báez;ARG;DF,MF;Talleres–C;31-071;1995;15;13;1124;12.5;0;0;0;0;0;0;1;0;0.00;0.00;0.00;0.00;0.00;Matches
89;Claudio Baeza;CHI;MF;Vélez Sarsfield;32-281;1993;20;12;1156;12.8;0;0;0;0;0;0;5;0;0.00;0.00;0.00;0.00;0.00;Matches
90;Mateo Bajamich;ARG;FW;Estudiantes–RC;27-058;1999;19;11;988;11.0;1;0;1;1;0;0;0;0;0.09;0.00;0.09;0.09;0.09;Matches
91;Adrián Balboa;URU;FW;Banfield;32-254;1994;2;2;180;2.0;0;1;1;0;0;0;0;0;0.00;0.50;0.50;0.00;0.50;Matches
92;Éver Banega;ARG;MF;Defensa;38-093;1988;10;3;355;3.9;0;0;0;0;0;0;2;0;0.00;0.00;0.00;0.00;0.00;Matches
93;Nahuel Banegas;ARG;DF;Tigre;29-359;1996;13;11;902;10.0;0;0;0;0;0;0;2;0;0.00;0.00;0.00;0.00;0.00;Matches
94;Juan Barbieri;ARG;FW;Barracas Central;30-013;1996;3;0;28;0.3;0;0;0;0;0;0;0;0;0.00;0.00;0.00;0.00;0.00;Matches
95;Miguel Barbieri;ARG;DF;Dep. Riestra;33-037;1993;9;7;566;6.3;0;0;0;0;0;0;4;0;0.00;0.00;0.00;0.00;0.00;Matches
96;David Barbona;ARG;MF,FW;Defensa;31-220;1995;19;12;1037;11.5;4;2;6;4;0;1;1;0;0.35;0.17;0.52;0.35;0.52;Matches
97;Nahuel Barboza;ARG;MF;Gimnasia–M;27-014;1999;18;6;749;8.3;0;0;0;0;0;0;3;0;0.00;0.00;0.00;0.00;0.00;Matches
98;Adam Bareiro;PAR;FW;Boca Juniors;30-066;1996;9;7;675;7.5;3;1;4;3;0;0;4;0;0.40;0.13;0.53;0.40;0.53;Matches
99;Juan Barinaga;ARG;DF;Boca Juniors;25-355;2000;9;9;710;7.9;0;0;0;0;0;0;1;0;0.00;0.00;0.00;0.00;0.00;Matches
100;Juan Barinaga;ARG;DF;Racing Club;25-355;2000;1;0;47;0.5;0;0;0;0;0;0;0;0;0.00;0.00;0.00;0.00;0.00;Matches
101;Williams Barlasina;ARG;GK;Newell's;28-093;1998;5;4;378;4.2;0;0;0;0;0;0;0;0;0.00;0.00;0.00;0.00;0.00;Matches
102;Giovanni Baroni;ARG;MF,FW;Talleres–C;17-252;2009;18;9;822;9.1;0;3;3;0;0;0;1;0;0.00;0.33;0.33;0.00;0.33;Matches
103;Diego Barrera;ARG;MF,DF;C. Córdoba–SdE;22-100;2004;25;22;1884;20.9;3;0;3;3;0;0;6;0;0.14;0.00;0.14;0.14;0.14;Matches
104;Alan Barrionuevo;ARG;DF;Tigre;29-271;1997;25;25;2250;25.0;2;2;4;2;0;0;2;0;0.08;0.08;0.16;0.08;0.16;Matches
105;Martín Barrios;URU;MF;Platense;27-249;1999;16;11;961;10.7;0;0;0;0;0;0;2;0;0.00;0.00;0.00;0.00;0.00;Matches
106;Nahuel Barrios;ARG;MF;CA San Lorenzo;28-146;1998;9;2;326;3.6;0;1;1;0;0;0;1;0;0.00;0.28;0.28;0.00;0.28;Matches
107;Rafael Barrios;ARG;DF,MF;Barracas Central;33-130;1993;18;14;1163;12.9;0;0;0;0;0;0;2;0;0.00;0.00;0.00;0.00;0.00;Matches
108;Bautista Barros Schelotto;ARG;DF;Gimnasia–LP;26-260;2000;12;9;809;9.0;1;1;2;1;0;0;3;0;0.11;0.11;0.22;0.11;0.22;Matches
109;Bruno Barticciotto;CHI;FW,MF;Huracán;25-146;2001;2;0;46;0.5;0;0;0;0;0;0;0;0;0.00;0.00;0.00;0.00;0.00;Matches
110;Bruno Barticciotto;CHI;FW;Talleres–C;25-146;2001;5;1;87;1.0;0;1;1;0;0;0;0;0;0.00;1.03;1.03;0.00;1.03;Matches
111;Tomás Belmonte;ARG;MF;Boca Juniors;28-126;1998;15;9;802;8.9;1;1;2;1;0;0;4;0;0.11;0.11;0.22;0.11;0.22;Matches
112;Lucas Beltrán;ARG;FW;River Plate;25-185;2001;10;4;507;5.6;0;2;2;0;0;0;0;0;0.00;0.36;0.36;0.00;0.36;Matches
113;Santiago Beltrán;ARG;GK;River Plate;21-361;2004;26;25;2295;25.5;0;0;0;0;0;0;0;0;0.00;0.00;0.00;0.00;0.00;Matches
114;Gastón Benedetti;ARG;DF;Estudiantes–LP;25-185;2001;21;19;1712;19.0;0;2;2;0;0;0;5;0;0.00;0.11;0.11;0.00;0.11;Matches
115;Blas Benedetto;ARG;MF;Newell's;20-197;2006;2;0;2;0.0;0;0;0;0;0;0;0;0;0.00;0.00;0.00;0.00;0.00;Matches
116;Nicolás Benegas;ARG;FW;Dep. Riestra;30-213;1996;18;9;821;9.1;1;0;1;1;0;0;6;0;0.11;0.00;0.11;0.11;0.11;Matches
117;Alcides Benítez;PAR;DF,MF;Belgrano;24-094;2002;21;17;1392;15.5;0;0;0;0;0;0;7;0;0.00;0.00;0.00;0.00;0.00;Matches
118;Martín Benítez;ARG;FW;Atlé Tucumán;32-105;1994;3;1;95;1.1;1;0;1;0;1;1;0;0;0.95;0.00;0.95;0.00;0.00;Matches
119;Fernando Bersano;ARG;DF,MF;Estudiantes–RC;28-270;1998;1;0;19;0.2;0;0;0;0;0;0;0;0;0.00;0.00;0.00;0.00;0.00;Matches
120;Lucas Besozzi;ARG;MF;Lanús;23-251;2003;22;7;736;8.2;0;2;2;0;0;0;1;0;0.00;0.24;0.24;0.00;0.24;Matches
121;Juan Bisanz;ARG;FW,MF;Huracán;25-033;2001;22;11;1119;12.4;2;1;3;2;0;0;3;0;0.16;0.08;0.24;0.16;0.24;Matches
122;Domingo Blanco;ARG;MF;Defensa;31-161;1995;7;1;198;2.2;0;0;0;0;0;0;0;0;0.00;0.00;0.00;0.00;0.00;Matches
123;Lautaro Blanco;ARG;DF;Boca Juniors;27-223;1999;23;21;1900;21.1;1;2;3;1;0;0;2;0;0.05;0.09;0.14;0.05;0.14;Matches
124;Nicolás Blanco;ARG;DF;CA San Lorenzo;19-173;2007;2;2;152;1.7;0;0;0;0;0;0;0;0;0.00;0.00;0.00;0.00;0.00;Matches
125;Lucas Blondel;SUI;DF,MF;Huracán;30-016;1996;18;17;1529;17.0;2;1;3;2;0;0;3;0;0.12;0.06;0.18;0.12;0.18;Matches
126;Héctor Bobadilla;PAR;FW;Platense;25-114;2001;3;0;72;0.8;1;0;1;1;0;0;0;0;1.25;0.00;1.25;1.25;1.25;Matches
127;Roberto Bochi;ARG;MF;Aldosivi;39-086;1987;10;9;672;7.5;0;0;0;0;0;0;3;0;0.00;0.00;0.00;0.00;0.00;Matches
128;Rodrigo Bogarín;PAR;MF;Barracas Central;29-129;1997;8;2;252;2.8;0;0;0;0;0;0;0;0;0.00;0.00;0.00;0.00;0.00;Matches
129;Nicolás Bolcato;ARG;GK;Ind. Rivadavia;22-147;2004;24;23;2147;23.9;0;0;0;0;0;0;1;0;0.00;0.00;0.00;0.00;0.00;Matches
130;Cayetano Bolzán;ARG;FW;Gimnasia–LP;20-200;2006;3;0;39;0.4;0;0;0;0;0;0;0;0;0.00;0.00;0.00;0.00;0.00;Matches
131;Ezequiel Bonifacio;ARG;DF,MF;Ind. Rivadavia;32-144;1994;13;7;620;6.9;0;1;1;0;0;0;3;0;0.00;0.15;0.15;0.00;0.15;Matches
132;Matías Borgogno;ARG;GK;Platense;28-040;1998;16;16;1440;16.0;0;0;0;0;0;0;1;0;0.00;0.00;0.00;0.00;0.00;Matches
133;Matías Borgogno;ARG;GK;Defensa;28-040;1998;10;10;900;10.0;0;0;0;0;0;0;0;0;0.00;0.00;0.00;0.00;0.00;Matches
134;Rafael Borré;COL;FW;River Plate;31-015;1995;8;2;277;3.1;0;0;0;0;0;0;0;0;0.00;0.00;0.00;0.00;0.00;Matches
135;Benjamín Bosch;ARG;FW;Platense;21-107;2005;2;0;23;0.3;0;0;0;0;0;0;0;0;0.00;0.00;0.00;0.00;0.00;Matches
136;Rubén Botta;ARG;MF,FW;Defensa;36-242;1990;13;13;849;9.4;1;1;2;1;0;1;3;1;0.11;0.11;0.21;0.11;0.21;Matches
137;Tomás Bottari;ARG;MF;Ind. Rivadavia;25-157;2001;20;17;1429;15.9;0;0;0;0;0;0;1;0;0.00;0.00;0.00;0.00;0.00;Matches
138;Walter Bou;ARG;FW,MF;Lanús;33-036;1993;11;8;598;6.6;2;0;2;1;1;1;2;0;0.30;0.00;0.30;0.15;0.15;Matches
139;Mariano Bracamonte;ARG;DF;Dep. Riestra;27-159;1999;15;13;1149;12.8;1;1;2;1;0;0;5;0;0.08;0.08;0.16;0.08;0.16;Matches
140;Malcom Braida;ARG;DF;Boca Juniors;29-136;1997;6;5;443;4.9;0;0;0;0;0;0;0;0;0.00;0.00;0.00;0.00;0.00;Matches
141;Agustin Bravo;ARG;DF;Instituto;25-142;2001;2;1;107;1.2;0;0;0;0;0;0;0;0;0.00;0.00;0.00;0.00;0.00;Matches
142;Claudio Bravo;ARG;DF;Arg Juniors;29-201;1997;9;3;382;4.2;0;0;0;0;0;0;1;0;0.00;0.00;0.00;0.00;0.00;Matches
143;Néstor Breitenbruch;ARG;DF;Aldosivi;31-017;1995;10;10;834;9.3;0;0;0;0;0;0;1;0;0.00;0.00;0.00;0.00;0.00;Matches
144;Leandro Brey;ARG;GK;Boca Juniors;24-009;2002;6;5;459;5.1;0;0;0;0;0;0;0;0;0.00;0.00;0.00;0.00;0.00;Matches
145;Norberto Briasco;ARM;FW;Barracas Central;30-213;1996;17;12;948;10.5;1;0;1;1;0;0;5;0;0.09;0.00;0.09;0.09;0.09;Matches
146;Manuel Brondo;ARG;FW;Atlé Tucumán;24-217;2002;12;2;300;3.3;0;0;0;0;0;0;0;0;0.00;0.00;0.00;0.00;0.00;Matches
147;Jorge Broun;ARG;GK;Rosario Central;40-127;1986;4;4;360;4.0;0;0;0;0;0;0;0;0;0.00;0.00;0.00;0.00;0.00;Matches
148;Facundo Bruera;ARG;FW;Barracas Central;28-007;1998;22;15;1377;15.3;1;1;2;1;0;0;6;0;0.07;0.07;0.13;0.07;0.13;Matches
149;Lucas Bruera;ARG;GK;Estudiantes–RC;28-346;1997;9;9;810;9.0;0;0;0;0;0;0;1;0;0.00;0.00;0.00;0.00;0.00;Matches
150;Leonel Bucca;ARG;MF,DF;Ind. Rivadavia;27-194;1999;15;6;545;6.1;4;0;4;4;0;0;0;0;0.66;0.00;0.66;0.66;0.66;Matches
151;Ezequiel Burdín;URU;DF;Defensa;21-349;2004;3;0;12;0.1;0;0;0;0;0;0;0;0;0.00;0.00;0.00;0.00;0.00;Matches
152;Joaquín Burgos;ARG;MF;Estudiantes–LP;21-290;2004;18;11;862;9.6;1;3;4;1;0;0;0;0;0.10;0.31;0.42;0.10;0.42;Matches
153;Javier Burrai;ECU;GK;Sarmiento–J;35-356;1990;16;16;1440;16.0;0;0;0;0;0;0;3;0;0.00;0.00;0.00;0.00;0.00;Matches
154;Felipe Bussio;ARG;MF;Platense;22-106;2004;12;7;581;6.5;0;0;0;0;0;0;2;0;0.00;0.00;0.00;0.00;0.00;Matches
155;Fabricio Bustos;ARG;DF;River Plate;30-155;1996;3;2;180;2.0;0;0;0;0;0;0;0;0;0.00;0.00;0.00;0.00;0.00;Matches
156;Luciano Cabral;CHI;MF;Independiente;31-157;1995;12;2;270;3.0;1;0;1;1;0;0;1;1;0.33;0.00;0.33;0.33;0.33;Matches
157;Alejandro Cabrera;ARG;MF;Estudiantes–RC;34-000;1992;16;14;1160;12.9;0;0;0;0;0;0;5;0;0.00;0.00;0.00;0.00;0.00;Matches
158;Bruno Cabrera;ARG;DF;Newell's;29-155;1997;13;8;724;8.0;1;0;1;1;0;0;2;1;0.12;0.00;0.12;0.12;0.12;Matches
159;Bruno Cabrera;ARG;MF;Lanús;23-101;2003;8;2;303;3.4;0;0;0;0;0;0;1;0;0.00;0.00;0.00;0.00;0.00;Matches
160;Elías Cabrera;ARG;MF;Tigre;23-217;2003;13;8;714;7.9;0;0;0;0;0;0;2;0;0.00;0.00;0.00;0.00;0.00;Matches
161;Marcelo Cabrera;ARG;DF;Rosario Central;20-020;2006;2;0;33;0.4;0;0;0;0;0;0;0;0;0.00;0.00;0.00;0.00;0.00;Matches
162;Máximo Cabrera;ARG;GK;Gimnasia–LP;20-034;2006;1;1;90;1.0;0;0;0;0;0;0;0;0;0.00;0.00;0.00;0.00;0.00;Matches
163;Darío Cáceres;PAR;DF,MF;C. Córdoba–SdE;28-247;1998;6;6;517;5.7;0;0;0;0;0;0;1;0;0.00;0.00;0.00;0.00;0.00;Matches
164;Darío Cáceres;PAR;MF,DF;Defensa;28-247;1998;8;3;308;3.4;0;0;0;0;0;0;0;0;0.00;0.00;0.00;0.00;0.00;Matches
165;Mateo Caceres;ARG;MF;Talleres–C;24-005;2002;14;7;647;7.2;0;0;0;0;0;0;2;0;0.00;0.00;0.00;0.00;0.00;Matches
166;Jordy Caicedo;ECU;FW;Huracán;28-316;1997;23;23;1989;22.1;13;0;13;10;3;3;10;1;0.59;0.00;0.59;0.45;0.45;Matches
167;Franco Calderón;ARG;DF;Independiente;28-140;1998;1;0;5;0.1;0;0;0;0;0;0;0;0;0.00;0.00;0.00;0.00;0.00;Matches
168;Facundo Cambeses;ARG;GK;Racing Club;29-174;1997;26;26;2340;26.0;0;0;0;0;0;0;1;0;0.00;0.00;0.00;0.00;0.00;Matches
169;Jaminton Campaz;COL;MF;Rosario Central;26-129;2000;20;15;1392;15.5;3;4;7;3;0;0;0;0;0.19;0.26;0.45;0.19;0.45;Matches
170;Gastón Campi;ARG;DF;Barracas Central;35-177;1991;9;7;654;7.3;0;0;0;0;0;0;2;0;0.00;0.00;0.00;0.00;0.00;Matches
171;Alberto Campo;ECU;FW;Racing Club;20-016;2006;3;0;76;0.8;0;0;0;0;0;0;0;0;0.00;0.00;0.00;0.00;0.00;Matches
172;Ignacio Campo;ARG;DF;Huracán;21-184;2005;10;7;614;6.8;1;1;2;1;0;0;4;0;0.15;0.15;0.29;0.15;0.29;Matches
173;José Canale;PAR;DF;Lanús;30-072;1996;17;17;1485;16.5;0;0;0;0;0;0;2;0;0.00;0.00;0.00;0.00;0.00;Matches
174;Jhonatan Candia;URU;FW;Barracas Central;31-199;1995;23;13;1139;12.7;1;0;1;1;0;0;3;0;0.08;0.00;0.08;0.08;0.08;Matches
175;Alexis Canelo;ARG;FW,MF;Atlé Tucumán;34-239;1992;5;0;84;0.9;0;0;0;0;0;0;0;0;0.00;0.00;0.00;0.00;0.00;Matches
176;Ezequiel Cannavo;ARG;DF;Racing Club;24-110;2002;22;21;1863;20.7;1;0;1;1;0;0;4;0;0.05;0.00;0.05;0.05;0.05;Matches
177;Lautaro Cano;ARG;DF,MF;Banfield;24-039;2002;3;3;214;2.4;0;0;0;0;0;0;2;0;0.00;0.00;0.00;0.00;0.00;Matches
178;Giovanni Cantizano;ARG;MF;Rosario Central;19-193;2007;10;6;536;6.0;0;0;0;0;0;0;1;0;0.00;0.00;0.00;0.00;0.00;Matches
179;Nicolás Capraro;ARG;DF;Barracas Central;28-211;1998;18;11;1134;12.6;0;0;0;0;0;0;2;0;0.00;0.00;0.00;0.00;0.00;Matches
180;Valentin Carboni;ARG;FW;Racing Club;21-209;2005;5;3;202;2.2;0;0;0;0;0;0;1;0;0.00;0.00;0.00;0.00;0.00;Matches
181;Mauricio Cardillo;ARG;MF;CA San Lorenzo;23-203;2003;9;2;308;3.4;0;0;0;0;0;0;0;0;0.00;0.00;0.00;0.00;0.00;Matches
182;Agustín Cardozo;ARG;MF;Lanús;29-123;1997;22;22;1964;21.8;0;1;1;0;0;0;0;0;0.00;0.05;0.05;0.00;0.05;Matches
183;Juan Cardozo;PAR;MF;C. Córdoba–SdE;22-218;2004;10;5;524;5.8;0;0;0;0;0;0;0;0;0.00;0.00;0.00;0.00;0.00;Matches
184;Thiago Cardozo;URU;GK;Belgrano;30-061;1996;25;25;2250;25.0;0;0;0;0;0;0;1;0;0.00;0.00;0.00;0.00;0.00;Matches
185;Lautaro Carrera;ARG;DF;Gimnasia–M;23-123;2003;13;5;609;6.8;0;0;0;0;0;0;1;0;0.00;0.00;0.00;0.00;0.00;Matches
186;Ramiro Carrera;ARG;MF,FW;Lanús;32-341;1993;21;16;1258;14.0;2;4;6;2;0;0;9;1;0.14;0.29;0.43;0.14;0.43;Matches
187;Guido Carrillo;ARG;FW;Estudiantes–LP;35-128;1991;20;14;1341;14.9;3;2;5;3;0;1;0;0;0.20;0.13;0.34;0.20;0.34;Matches
188;Facundo Carrizo;ARG;FW;Arg Juniors;19-122;2007;3;0;28;0.3;0;0;0;0;0;0;0;0;0.00;0.00;0.00;0.00;0.00;Matches
189;Lucas Carrizo;ARG;DF;Newell's;29-133;1997;5;5;425;4.7;0;0;0;0;0;0;1;0;0.00;0.00;0.00;0.00;0.00;Matches
190;Lucas Carrizo;ARG;DF,MF;Huracán;29-133;1997;14;11;1090;12.1;0;0;0;0;0;0;3;1;0.00;0.00;0.00;0.00;0.00;Matches
191;Maher Carrizo;ARG;MF;Vélez Sarsfield;20-223;2006;1;0;45;0.5;0;0;0;0;0;0;0;0;0.00;0.00;0.00;0.00;0.00;Matches
192;Yuri Casermeiro;ARG;DF;C. Córdoba–SdE;24-202;2002;12;6;703;7.8;0;0;0;0;0;0;5;0;0.00;0.00;0.00;0.00;0.00;Matches
193;Kevin Castaño;COL;MF;River Plate;26-001;2000;5;1;96;1.1;0;0;0;0;0;0;0;0;0.00;0.00;0.00;0.00;0.00;Matches
194;Rodrigo Castillo;ARG;FW;Lanús;27-216;1999;5;4;358;4.0;1;3;4;1;0;0;0;0;0.25;0.75;1.01;0.25;1.01;Matches
195;Alexis Castro;ARG;MF;Estudiantes–LP;31-347;1994;24;14;1214;13.5;4;0;4;4;0;0;3;0;0.30;0.00;0.30;0.30;0.30;Matches
196;Lucas Castro;ARG;MF;Gimnasia–LP;37-174;1989;11;3;295;3.3;0;0;0;0;0;0;0;0;0.00;0.00;0.00;0.00;0.00;Matches
197;Lucas Castro;ARG;MF;Aldosivi;37-174;1989;10;10;788;8.8;1;0;1;1;0;0;1;0;0.11;0.00;0.11;0.11;0.11;Matches
198;Matías Catalán;CHI;DF;Talleres–C;34-042;1992;20;19;1638;18.2;0;3;3;0;0;0;1;0;0.00;0.16;0.16;0.00;0.16;Matches
199;Edinson Cavani;URU;FW;Boca Juniors;39-228;1987;2;1;104;1.2;0;0;0;0;0;0;0;0;0.00;0.00;0.00;0.00;0.00;Matches
200;Julián Ceballos;ARG;MF,FW;Gimnasia–M;22-017;2004;12;8;699;7.8;0;1;1;0;0;0;2;0;0.00;0.13;0.13;0.00;0.13;Matches
201;Milton Céliz;ARG;MF;Dep. Riestra;34-067;1992;10;10;900;10.0;1;0;1;0;1;1;3;0;0.10;0.00;0.10;0.00;0.00;Matches
202;Giuliano Cerato;ARG;MF,DF;Instituto;28-112;1998;26;26;2307;25.6;6;1;7;6;0;0;7;0;0.23;0.04;0.27;0.23;0.27;Matches
203;Valentín Cerrudo;ARG;FW;Unión;20-197;2006;2;0;25;0.3;0;0;0;0;0;0;0;0;0.00;0.00;0.00;0.00;0.00;Matches
204;Ezequiel Cerutti;ARG;MF,FW;CA San Lorenzo;34-256;1992;7;6;427;4.7;0;0;0;0;0;0;1;0;0.00;0.00;0.00;0.00;0.00;Matches
205;Franco Cervi;ARG;FW,MF;Rosario Central;32-127;1994;1;0;20;0.2;0;0;0;0;0;0;1;0;0.00;0.00;0.00;0.00;0.00;Matches
206;Edwuin Cetré;COL;MF,FW;Estudiantes–LP;28-272;1998;21;8;949;10.5;0;2;2;0;0;0;3;0;0.00;0.19;0.19;0.00;0.19;Matches
207;Juan Chala;COL;FW;Estudiantes–RC;22-210;2004;2;0;32;0.4;0;0;0;0;0;0;0;0;0.00;0.00;0.00;0.00;0.00;Matches
208;Timoteo Chamorro;ARG;MF;Talleres–C;20-234;2006;10;6;569;6.3;0;2;2;0;0;0;2;0;0.00;0.32;0.32;0.00;0.32;Matches
209;Ignacio Charparin;ARG;FW,MF;Gimnasia–M;27-071;1999;14;7;761;8.5;1;2;3;1;0;0;1;1;0.12;0.24;0.35;0.12;0.35;Matches
210;Andrés Chávez;ARG;FW;Aldosivi;35-193;1991;7;1;162;1.8;0;0;0;0;0;0;1;0;0.00;0.00;0.00;0.00;0.00;Matches
211;Emiliano Chiavassa;ARG;MF;Talleres–C;20-271;2006;9;1;157;1.7;0;0;0;0;0;0;1;0;0.00;0.00;0.00;0.00;0.00;Matches
212;Ignacio Chicco;ARG;GK;Aldosivi;30-092;1996;4;4;360;4.0;0;0;0;0;0;0;0;0;0.00;0.00;0.00;0.00;0.00;Matches
213;Diego Churín;ARG;FW,MF;Sarmiento–J;36-303;1989;22;8;857;9.5;2;0;2;1;1;1;2;1;0.21;0.00;0.21;0.11;0.11;Matches
214;Luciano Cingolani;ARG;MF,FW;Gimnasia–M;25-177;2001;17;7;839;9.3;1;1;2;1;0;0;5;0;0.11;0.11;0.21;0.11;0.21;Matches
215;Facundo Cobos;ARG;DF,MF;Estudiantes–RC;33-223;1993;13;8;760;8.4;1;0;1;1;0;0;1;0;0.12;0.00;0.12;0.12;0.12;Matches
216;Matías Cóccaro;URU;FW,MF;Newell's;28-319;1997;18;15;1142;12.7;6;0;6;5;1;1;3;0;0.47;0.00;0.47;0.39;0.39;Matches
217;Agustín Colazo;ARG;FW;Gimnasia–LP;25-319;2000;7;2;304;3.4;2;0;2;2;0;0;0;0;0.59;0.00;0.59;0.59;0.59;Matches
218;Agustín Colazo;ARG;FW;Unión;25-319;2000;6;2;183;2.0;1;0;1;1;0;0;1;0;0.49;0.00;0.49;0.49;0.49;Matches
219;Nicolás Colazo;ARG;MF;Banfield;36-084;1990;3;2;99;1.1;0;0;0;0;0;0;0;0;0.00;0.00;0.00;0.00;0.00;Matches
220;Facundo Colidio;ARG;FW,MF;River Plate;26-269;2000;15;12;977;10.9;3;1;4;3;0;0;1;1;0.28;0.09;0.37;0.28;0.37;Matches
221;Nazareno Colombo;ARG;DF;Racing Club;27-194;1999;13;8;688;7.6;1;0;1;1;0;0;3;0;0.13;0.00;0.13;0.13;0.13;Matches
222;Gabriel Compagnucci;ARG;MF,DF;Atlé Tucumán;35-032;1991;16;4;400;4.4;0;2;2;0;0;0;1;0;0.00;0.45;0.45;0.00;0.45;Matches
223;Tomás Conechny;ARG;FW,MF;Racing Club;28-184;1998;23;11;1118;12.4;3;2;5;3;0;0;2;0;0.24;0.16;0.40;0.24;0.40;Matches
224;Germán Conti;ARG;DF;Gimnasia–LP;32-119;1994;8;7;600;6.7;1;0;1;1;0;0;2;1;0.15;0.00;0.15;0.15;0.15;Matches
225;Julián Contrera;ARG;MF;Sarmiento–J;23-143;2003;22;16;1320;14.7;0;3;3;0;0;0;8;0;0.00;0.20;0.20;0.00;0.20;Matches
226;Enzo Copetti;ARG;FW,MF;Rosario Central;30-257;1996;22;12;1179;13.1;4;1;5;4;0;0;3;0;0.31;0.08;0.38;0.31;0.38;Matches
227;Nicolás Cordero;ARG;FW;Aldosivi;27-172;1999;21;14;1234;13.7;2;0;2;2;0;0;1;0;0.15;0.00;0.15;0.15;0.15;Matches
228;Alejo Córdoba;ARG;DF;CA San Lorenzo;22-146;2004;4;4;360;4.0;0;0;0;0;0;0;0;0;0.00;0.00;0.00;0.00;0.00;Matches
229;Jhon Córdoba;COL;MF,FW;Instituto;26-077;2000;22;20;1408;15.6;1;0;1;1;0;0;3;0;0.06;0.00;0.06;0.06;0.06;Matches
230;Alan Coria;ARG;MF;Defensa;19-104;2007;4;1;119;1.3;0;0;0;0;0;0;0;0;0.00;0.00;0.00;0.00;0.00;Matches
231;Emanuel Coronel;ARG;DF;Rosario Central;29-241;1997;19;15;1249;13.9;0;0;0;0;0;0;8;2;0.00;0.00;0.00;0.00;0.00;Matches
232;Kevin Coronel;ARG;DF;Arg Juniors;22-050;2004;17;14;1213;13.5;0;0;0;0;0;0;2;0;0.00;0.00;0.00;0.00;0.00;Matches
233;Ángel Correa;ARG;MF,FW;River Plate;31-205;1995;9;8;700;7.8;3;2;5;2;1;1;0;0;0.39;0.26;0.64;0.26;0.51;Matches
234;Joaquín Correa;ARG;MF;Estudiantes–LP;32-048;1994;5;2;270;3.0;0;1;1;0;0;1;2;0;0.00;0.33;0.33;0.00;0.33;Matches
235;Juan Cortazzo;ARG;DF;Gimnasia–LP;20-347;2005;12;3;408;4.5;0;0;0;0;0;0;1;0;0.00;0.00;0.00;0.00;0.00;Matches
236;Brayan Cortés;CHI;GK;Arg Juniors;31-203;1995;26;26;2340;26.0;0;0;0;0;0;0;5;0;0.00;0.00;0.00;0.00;0.00;Matches
237;Oscar Cortés;COL;MF,FW;Huracán;22-301;2003;24;23;1862;20.7;3;5;8;3;0;0;3;0;0.15;0.24;0.39;0.15;0.39;Matches
238;Ismael Cortéz;ARG;DF;Gimnasia–M;24-272;2002;7;2;277;3.1;0;0;0;0;0;0;1;0;0.00;0.00;0.00;0.00;0.00;Matches
239;Guzmán Corujo;URU;DF;CA San Lorenzo;30-059;1996;6;4;374;4.2;0;0;0;0;0;0;1;0;0.00;0.00;0.00;0.00;0.00;Matches
240;Ayrton Costa;ARG;DF;Boca Juniors;27-080;1999;16;15;1305;14.5;0;0;0;0;0;0;5;0;0.00;0.00;0.00;0.00;0.00;Matches
241;Leonard Costa;URU;DF;Ind. Rivadavia;28-033;1998;23;22;1766;19.6;1;1;2;1;0;0;2;0;0.05;0.05;0.10;0.05;0.10;Matches
242;Juan Cozzani;ARG;GK;Platense;27-356;1998;9;9;810;9.0;0;0;0;0;0;0;0;0;0.00;0.00;0.00;0.00;0.00;Matches
243;Tiago Cravero;ARG;MF;C. Córdoba–SdE;23-362;2002;17;8;826;9.2;0;0;0;0;0;0;2;0;0.00;0.00;0.00;0.00;0.00;Matches
244;Diego Crego;ARG;FW,DF;Ind. Rivadavia;29-254;1997;11;4;428;4.8;0;0;0;0;0;0;2;0;0.00;0.00;0.00;0.00;0.00;Matches
245;Franco Cristaldo;ARG;MF,FW;Talleres–C;30-046;1996;18;17;1300;14.4;1;2;3;1;0;0;1;0;0.07;0.14;0.21;0.07;0.21;Matches
246;Facundo Cruz;ARG;MF;Independiente;20-131;2006;1;0;1;0.0;0;0;0;0;0;0;0;0;0.00;0.00;0.00;0.00;0.00;Matches
247;Juan Cruz Policella;ARG;MF;Vélez Sarsfield;17-058;2009;4;3;197;2.2;1;0;1;1;0;0;0;0;0.46;0.00;0.46;0.46;0.46;Matches
248;Alexis Cuello;ARG;FW,MF;CA San Lorenzo;26-224;2000;26;26;2191;24.3;5;3;8;4;1;2;9;1;0.21;0.12;0.33;0.16;0.29;Matches
249;Brian Cuello;ARG;MF;Unión;29-000;1997;19;15;1063;11.8;3;1;4;3;0;0;5;0;0.25;0.08;0.34;0.25;0.34;Matches
250;Víctor Cuesta;ARG;DF;Platense;37-315;1988;16;16;1440;16.0;0;0;0;0;0;0;6;0;0.00;0.00;0.00;0.00;0.00;Matches
251;Braian Cufré;ARG;DF;Aldosivi;29-289;1996;3;3;270;3.0;0;0;0;0;0;0;0;0;0.00;0.00;0.00;0.00;0.00;Matches
252;Martín Cuitiño;ARG;FW;C. Córdoba–SdE;21-134;2005;3;1;117;1.3;1;0;1;1;0;0;0;0;0.77;0.00;0.77;0.77;0.77;Matches
253;Mauro Da Luz;URU;FW,MF;Aldosivi;31-329;1994;3;0;80;0.9;0;0;0;0;0;0;0;0;0.00;0.00;0.00;0.00;0.00;Matches
254;Juan Dadin;ARG;MF,FW;Aldosivi;20-133;2006;6;3;214;2.4;0;0;0;0;0;0;2;0;0.00;0.00;0.00;0.00;0.00;Matches
255;Juan Dadin;ARG;FW;Ind. Rivadavia;20-133;2006;6;0;104;1.2;0;0;0;0;0;0;1;0;0.00;0.00;0.00;0.00;0.00;Matches
256;Santiago Dalmasso;ARG;MF;Platense;22-104;2004;6;0;119;1.3;0;0;0;0;0;0;2;0;0.00;0.00;0.00;0.00;0.00;Matches
257;Santiago Daniele;ARG;DF;Banfield;20-312;2005;11;7;776;8.6;0;1;1;0;0;0;1;0;0.00;0.12;0.12;0.00;0.12;Matches
258;Jonathan David Gómez;ARG;MF,FW;Sarmiento–J;36-283;1989;12;6;508;5.6;1;1;2;1;0;0;1;0;0.18;0.18;0.35;0.18;0.35;Matches
259;Héctor David Martínez;PAR;DF;Defensa;28-252;1998;20;20;1649;18.3;1;1;2;1;0;0;7;0;0.05;0.05;0.11;0.05;0.11;Matches
260;Álvaro David Montero;COL;GK;Vélez Sarsfield;31-185;1995;16;16;1440;16.0;0;0;0;0;0;0;0;0;0.00;0.00;0.00;0.00;0.00;Matches
261;Álvaro David Montero;COL;GK;Boca Juniors;31-185;1995;9;9;810;9.0;0;0;0;0;0;0;0;0;0.00;0.00;0.00;0.00;0.00;Matches
262;Valentín Dávila;ARG;FW;Talleres–C;19-254;2007;23;4;727;8.1;4;0;4;4;0;0;0;0;0.50;0.00;0.50;0.50;0.50;Matches
263;Hernán De La Fuente;ARG;DF;Instituto;29-266;1997;3;0;67;0.7;1;0;1;1;0;0;0;0;1.34;0.00;1.34;1.34;1.34;Matches
264;Facundo De La Vega;ARG;FW;Aldosivi;23-168;2003;5;1;145;1.6;0;0;0;0;0;0;0;0;0.00;0.00;0.00;0.00;0.00;Matches
265;Mathías De Ritis;URU;DF,MF;CA San Lorenzo;23-242;2003;18;16;1246;13.8;0;2;2;0;0;0;6;0;0.00;0.14;0.14;0.00;0.14;Matches
266;Ronaldo Dejesús;PAR;DF;Lanús;25-162;2001;17;12;1134;12.6;0;0;0;0;0;0;3;0;0.00;0.00;0.00;0.00;0.00;Matches
267;Mateo Del Blanco;ARG;DF,MF;Unión;22-334;2003;16;16;1393;15.5;2;1;3;2;0;0;3;0;0.13;0.06;0.19;0.13;0.19;Matches
268;Gustavo Del Prete;ARG;FW,MF;CA San Lorenzo;30-110;1996;3;0;119;1.3;0;0;0;0;0;0;0;0;0.00;0.00;0.00;0.00;0.00;Matches
269;Carlos Delgado;PAR;FW;Sarmiento–J;23-324;2002;1;0;7;0.1;0;0;0;0;0;0;0;0;0.00;0.00;0.00;0.00;0.00;Matches
270;Milton Delgado;ARG;MF;Boca Juniors;21-106;2005;22;17;1470;16.3;0;1;1;0;0;0;5;0;0.00;0.06;0.06;0.00;0.06;Matches
271;Nicolás Demartini;ARG;DF;Barracas Central;26-330;1999;19;19;1685;18.7;0;1;1;0;0;0;5;0;0.00;0.05;0.05;0.00;0.05;Matches
272;Valentín Depietri;ARG;MF,FW;Talleres–C;25-334;2000;19;8;867;9.6;4;1;5;4;0;0;3;0;0.42;0.10;0.52;0.42;0.52;Matches
273;José Devecchi;ARG;GK;CA San Lorenzo;31-083;1995;9;8;748;8.3;0;0;0;0;0;0;2;0;0.00;0.00;0.00;0.00;0.00;Matches
274;Marco Di Cesare;ARG;DF;Racing Club;24-243;2002;15;13;1171;13.0;2;0;2;2;0;0;7;1;0.15;0.00;0.15;0.15;0.15;Matches
275;Lautaro Di Lollo;ARG;DF;Boca Juniors;22-204;2004;20;19;1723;19.1;1;0;1;1;0;0;4;0;0.05;0.00;0.05;0.05;0.05;Matches
276;Ángel Di María;ARG;MF;Rosario Central;38-228;1988;20;17;1547;17.2;7;3;10;4;3;3;4;0;0.41;0.17;0.58;0.23;0.41;Matches
277;Leonel Di Plácido;ARG;DF;Atlé Tucumán;32-245;1994;15;13;1147;12.7;0;0;0;0;0;0;5;0;0.00;0.00;0.00;0.00;0.00;Matches
278;Alexander Díaz;ARG;FW,MF;Dep. Riestra;26-192;2000;20;15;1210;13.4;2;0;2;2;0;0;1;0;0.15;0.00;0.15;0.15;0.15;Matches
279;Diego Díaz;ARG;FW;Unión;24-263;2002;6;0;100;1.1;1;0;1;1;0;0;0;0;0.90;0.00;0.90;0.90;0.90;Matches
280;Gabriel Díaz;ARG;MF,DF;Sarmiento–J;26-164;2000;11;5;445;4.9;0;0;0;0;0;0;2;1;0.00;0.00;0.00;0.00;0.00;Matches
281;Lautaro Díaz;ARG;FW;Racing Club;28-132;1998;8;7;553;6.1;0;0;0;0;0;0;0;0;0.00;0.00;0.00;0.00;0.00;Matches
282;Leandro Díaz;ARG;FW;Atlé Tucumán;34-116;1992;21;19;1585;17.6;7;1;8;4;3;5;3;0;0.40;0.06;0.45;0.23;0.28;Matches
283;Luis Díaz;COL;FW,MF;Ind. Rivadavia;22-190;2004;3;0;50;0.6;0;0;0;0;0;0;0;0;0.00;0.00;0.00;0.00;0.00;Matches
284;Paulo Díaz;CHI;DF;River Plate;32-036;1994;5;2;197;2.2;0;0;0;0;0;0;1;0;0.00;0.00;0.00;0.00;0.00;Matches
285;Jerónimo Domina;ARG;FW;Tigre;20-348;2005;2;0;55;0.6;1;0;1;1;0;0;0;0;1.64;0.00;1.64;1.64;1.64;Matches
286;Demián Domínguez;ARG;DF;Defensa;20-259;2006;1;0;22;0.2;0;0;0;0;0;0;0;0;0.00;0.00;0.00;0.00;0.00;Matches
287;Franco Dominguez;;FW;Estudiantes–LP;;;4;1;84;0.9;0;0;0;0;0;0;0;0;0.00;0.00;0.00;0.00;0.00;Matches
288;Javier Dominguez;PAR;MF;Atlé Tucumán;26-127;2000;12;9;686;7.6;0;0;0;0;0;0;3;0;0.00;0.00;0.00;0.00;0.00;Matches
289;Alejo Dramisino;ARG;MF;Dep. Riestra;26-164;2000;4;0;74;0.8;0;0;0;0;0;0;0;0;0.00;0.00;0.00;0.00;0.00;Matches
290;Sebastián Driussi;ARG;FW,MF;River Plate;30-233;1996;17;16;1168;13.0;5;0;5;5;0;0;0;0;0.39;0.00;0.39;0.39;0.39;Matches
291;Gaspar Duarte;ARG;MF,FW;Rosario Central;23-267;2003;13;5;426;4.7;0;0;0;0;0;0;1;0;0.00;0.00;0.00;0.00;0.00;Matches
292;Lautaro Duarte;ARG;MF;Dep. Riestra;21-191;2005;1;1;45;0.5;0;0;0;0;0;0;1;0;0.00;0.00;0.00;0.00;0.00;Matches
293;Lisandro Duarte;ARG;MF;Rosario Central;19-071;2007;1;1;63;0.7;0;0;0;0;0;0;0;0;0.00;0.00;0.00;0.00;0.00;Matches
294;Nicolás Dubersarsky;ARG;MF;Tigre;21-283;2004;1;0;6;0.1;0;0;0;0;0;0;0;0;0.00;0.00;0.00;0.00;0.00;Matches
295;Jalil Elías;SYR;MF;Estudiantes–LP;30-158;1996;2;1;97;1.1;0;0;0;0;0;0;0;0;0.00;0.00;0.00;0.00;0.00;Matches
296;Jalil Elías;SYR;MF;Tigre;30-158;1996;19;17;1510;16.8;1;0;1;1;0;0;1;0;0.06;0.00;0.06;0.06;0.06;Matches
297;Guillermo Enrique;ARG;DF;Aldosivi;26-218;2000;7;2;287;3.2;0;0;0;0;0;0;1;0;0.00;0.00;0.00;0.00;0.00;Matches
298;Iván Erquiaga;ARG;DF;Instituto;28-188;1998;2;0;55;0.6;0;0;0;0;0;0;0;0;0.00;0.00;0.00;0.00;0.00;Matches
299;Gonzalo Errecalde;ARG;DF;Gimnasia–LP;26-184;2000;3;3;194;2.2;0;0;0;0;0;0;1;0;0.00;0.00;0.00;0.00;0.00;Matches
300;Franco Escobar;ARG;DF;Newell's;31-221;1995;7;5;431;4.8;0;0;0;0;0;0;2;0;0.00;0.00;0.00;0.00;0.00;Matches
301;Simon Escobar;ARG;MF,DF;Vélez Sarsfield;17-075;2009;8;4;443;4.9;0;0;0;0;0;0;2;0;0.00;0.00;0.00;0.00;0.00;Matches
302;Gonzalo Escudero;ARG;DF;Racing Club;19-182;2007;4;3;274;3.0;1;0;1;1;0;0;0;0;0.33;0.00;0.33;0.33;0.33;Matches
303;Alfonso Espino;URU;DF;Racing Club;34-268;1992;3;2;163;1.8;0;0;0;0;0;0;0;0;0.00;0.00;0.00;0.00;0.00;Matches
304;Juan Espínola;PAR;GK;Barracas Central;31-332;1994;6;5;461;5.1;0;0;0;0;0;0;0;0;0.00;0.00;0.00;0.00;0.00;Matches
305;Marcelo Esponda;ARG;MF;Newell's;23-259;2003;6;2;201;2.2;0;0;0;0;0;0;0;0;0.00;0.00;0.00;0.00;0.00;Matches
306;Santiago Esquivel;ARG;MF;Banfield;22-271;2004;16;10;821;9.1;0;0;0;0;0;0;4;1;0.00;0.00;0.00;0.00;0.00;Matches
307;Marcelo Estigarribia;ARG;FW;Unión;31-173;1995;24;19;1689;18.8;5;2;7;3;2;2;5;0;0.27;0.11;0.37;0.16;0.27;Matches
308;Yair Ezequiel Arismendi;ARG;MF,DF;Sarmiento–J;28-178;1998;10;6;599;6.7;0;0;0;0;0;0;3;0;0.00;0.00;0.00;0.00;0.00;Matches
309;Kevin Facundo Gutiérrez;ARG;MF;Arg Juniors;29-119;1997;10;9;810;9.0;0;0;0;0;0;0;1;0;0.00;0.00;0.00;0.00;0.00;Matches
310;Tomás Fagioli;ARG;DF;Unión;21-039;2005;4;4;360;4.0;0;0;0;0;0;0;0;0;0.00;0.00;0.00;0.00;0.00;Matches
311;Agustín Falcón;ARG;DF,MF;Belgrano;21-252;2005;4;2;198;2.2;0;0;0;0;0;0;2;0;0.00;0.00;0.00;0.00;0.00;Matches
312;Facundo Farías;ARG;MF;CA San Lorenzo;24-033;2002;3;3;220;2.4;1;0;1;1;0;0;0;0;0.41;0.00;0.41;0.41;0.41;Matches
313;Facundo Farías;ARG;MF,FW;Estudiantes–LP;24-033;2002;11;5;409;4.5;0;0;0;0;0;0;0;0;0.00;0.00;0.00;0.00;0.00;Matches
314;Valentín Fascendini;ARG;DF;Talleres–C;23-201;2003;8;7;643;7.1;0;0;0;0;0;0;4;0;0.00;0.00;0.00;0.00;0.00;Matches
315;Valentín Fascendini;ARG;DF;Unión;23-201;2003;5;3;275;3.1;0;0;0;0;0;0;0;1;0.00;0.00;0.00;0.00;0.00;Matches
316;Federico Fattori;ARG;MF;Talleres–C;34-070;1992;8;7;563;6.3;0;1;1;0;0;0;3;0;0.00;0.16;0.16;0.00;0.16;Matches
317;Federico Fattori;ARG;MF;Arg Juniors;34-070;1992;16;16;1363;15.1;0;0;0;0;0;0;2;0;0.00;0.00;0.00;0.00;0.00;Matches
318;Nazareno Fazzi;ARG;DF;Unión;19-274;2006;1;0;1;0.0;0;0;0;0;0;0;0;0;0.00;0.00;0.00;0.00;0.00;Matches
319;Juan Fedorco;ARG;DF;Independiente;25-306;2000;17;12;1148;12.8;1;0;1;1;0;0;3;0;0.08;0.00;0.08;0.08;0.08;Matches
320;Luca Feler;ARG;MF;Vélez Sarsfield;18-247;2008;12;1;183;2.0;0;0;0;0;0;0;0;0;0.00;0.00;0.00;0.00;0.00;Matches
321;Valentino Felici;ARG;FW;Rosario Central;18-233;2008;1;0;7;0.1;0;0;0;0;0;0;0;0;0.00;0.00;0.00;0.00;0.00;Matches
322;Adrián Fernández;ARG;MF,FW;Racing Club;25-133;2001;15;8;668;7.4;1;1;2;1;0;0;2;1;0.13;0.13;0.27;0.13;0.27;Matches
323;Augusto Fernández;ARG;FW;Aldosivi;20-267;2006;1;0;10;0.1;0;0;0;0;0;0;0;0;0.00;0.00;0.00;0.00;0.00;Matches
324;Damián Fernández;ARG;DF;Defensa;25-271;2001;22;20;1748;19.4;1;0;1;1;0;0;5;0;0.05;0.00;0.05;0.05;0.05;Matches
325;David Fernández;PAR;FW;Defensa;20-268;2006;3;0;37;0.4;0;0;0;0;0;0;0;0;0.00;0.00;0.00;0.00;0.00;Matches
326;Esteban Fernández;ARG;MF;Gimnasia–M;24-267;2002;18;15;1021;11.3;2;3;5;2;0;0;4;0;0.18;0.26;0.44;0.18;0.44;Matches
327;Ignacio Fernández;ARG;MF,FW;Gimnasia–LP;36-261;1990;24;24;1966;21.8;2;4;6;2;0;1;10;0;0.09;0.18;0.27;0.09;0.27;Matches
328;Julián Fernández;ARG;MF,FW;Rosario Central;22-270;2004;13;11;928;10.3;2;2;4;2;0;0;1;0;0.19;0.19;0.39;0.19;0.39;Matches
329;Julián Fernández;ARG;MF;Atlé Tucumán;31-192;1995;7;2;224;2.5;0;0;0;0;0;0;1;0;0.00;0.00;0.00;0.00;0.00;Matches
330;Leandro Fernández;ARG;FW;Defensa;35-202;1991;10;9;699;7.8;3;1;4;3;0;0;2;0;0.39;0.13;0.52;0.39;0.52;Matches
331;Leandro Fernández;ARG;FW;Arg Juniors;35-202;1991;7;1;149;1.7;0;0;0;0;0;0;1;0;0.00;0.00;0.00;0.00;0.00;Matches
332;Manuel Fernández;ARG;FW;Tigre;21-357;2004;6;0;55;0.6;0;0;0;0;0;0;0;0;0.00;0.00;0.00;0.00;0.00;Matches
333;Matías Fernández;ARG;MF,FW;Ind. Rivadavia;25-099;2001;23;21;1646;18.3;3;6;9;3;0;1;7;0;0.16;0.33;0.49;0.16;0.49;Matches
334;Nicolás Fernández;ARG;FW;Belgrano;30-234;1996;24;19;1399;15.5;3;4;7;3;0;1;2;0;0.19;0.26;0.45;0.19;0.45;Matches
335;Pol Fernández;ARG;MF;Rosario Central;34-354;1991;13;5;465;5.2;0;1;1;0;0;0;3;0;0.00;0.19;0.19;0.00;0.19;Matches
336;Rodrigo Fernández;URU;MF;Huracán;30-270;1996;7;7;624;6.9;0;0;0;0;0;0;1;0;0.00;0.00;0.00;0.00;0.00;Matches
337;Rodrigo Fernández;URU;MF;Independiente;30-270;1996;12;4;479;5.3;0;0;0;0;0;0;2;0;0.00;0.00;0.00;0.00;0.00;Matches
338;Santiago Fernández;ARG;DF;Talleres–C;21-184;2005;18;17;1421;15.8;1;0;1;1;0;0;1;0;0.06;0.00;0.06;0.06;0.06;Matches
339;Tomás Fernández;ARG;MF,FW;Aldosivi;28-053;1998;16;8;887;9.9;3;3;6;3;0;0;4;0;0.30;0.30;0.61;0.30;0.61;Matches
340;Juan Fernando Garro;ARG;FW;Estudiantes–RC;33-310;1992;5;2;198;2.2;0;0;0;0;0;0;0;0;0.00;0.00;0.00;0.00;0.00;Matches
341;Gianluca Ferrari;ARG;DF;Atlé Tucumán;29-092;1997;10;9;812;9.0;0;0;0;0;0;0;2;0;0.00;0.00;0.00;0.00;0.00;Matches
342;Clever Ferreira;PAR;DF;Atlé Tucumán;23-222;2003;19;17;1555;17.3;3;1;4;3;0;0;4;0;0.17;0.06;0.23;0.17;0.23;Matches
343;Javier Ferreira;PAR;FW;Estudiantes–RC;34-227;1992;18;4;541;6.0;0;0;0;0;0;0;3;0;0.00;0.00;0.00;0.00;0.00;Matches
344;Pablo Ferreira;ARG;MF;Platense;21-342;2004;10;8;671;7.5;0;0;0;0;0;0;2;1;0.00;0.00;0.00;0.00;0.00;Matches
345;Brian Ferreyra;ARG;FW;Gimnasia–M;29-323;1996;10;0;241;2.7;0;0;0;0;0;0;1;0;0.00;0.00;0.00;0.00;0.00;Matches
346;Cristopher Fiermarin;URU;GK;Defensa;28-272;1998;16;16;1440;16.0;0;0;0;0;0;0;0;0;0.00;0.00;0.00;0.00;0.00;Matches
347;Jorge Figal;ARG;DF;Boca Juniors;32-180;1994;7;7;630;7.0;0;0;0;0;0;0;1;0;0.00;0.00;0.00;0.00;0.00;Matches
348;Gabriel Florentín;ARG;MF;Arg Juniors;27-201;1999;12;2;262;2.9;0;1;1;0;0;0;2;0;0.00;0.34;0.34;0.00;0.34;Matches
349;Jose Florentín;PAR;MF;Ind. Rivadavia;30-087;1996;25;23;2108;23.4;6;1;7;6;0;0;4;0;0.26;0.04;0.30;0.26;0.30;Matches
350;Gonzalo Flores;ARG;MF;Dep. Riestra;24-220;2002;5;2;154;1.7;0;0;0;0;0;0;3;0;0.00;0.00;0.00;0.00;0.00;Matches
351;Joaquin Flores;ARG;MF;C. Córdoba–SdE;21-125;2005;7;0;137;1.5;0;0;0;0;0;0;0;0;0.00;0.00;0.00;0.00;0.00;Matches
352;Leonel Flores;ARG;FW,MF;Boca Juniors;19-236;2007;9;9;713;7.9;0;2;2;0;0;0;2;0;0.00;0.25;0.25;0.00;0.25;Matches
353;Matias Fonseca;URU;FW;Instituto;25-202;2001;17;6;578;6.4;1;0;1;1;0;0;2;0;0.16;0.00;0.16;0.16;0.16;Matches
354;Ezequiel Forclaz;ARG;MF;Estudiantes–RC;23-180;2003;5;0;105;1.2;0;0;0;0;0;0;1;0;0.00;0.00;0.00;0.00;0.00;Matches
355;Alan Forneris;ARG;MF;Racing Club;21-245;2005;3;0;74;0.8;0;0;0;0;0;0;1;0;0.00;0.00;0.00;0.00;0.00;Matches
356;Francisco Fraga;ARG;FW;Racing Club;20-225;2006;2;0;37;0.4;0;0;0;0;0;0;0;0;0.00;0.00;0.00;0.00;0.00;Matches
357;Franco Fragapane;ARG;MF;Unión;33-236;1993;6;3;191;2.1;0;0;0;0;0;0;0;0;0.00;0.00;0.00;0.00;0.00;Matches
358;Juan Franco Arrellaga;PAR;DF;Gimnasia–M;34-232;1992;11;9;646;7.2;0;0;0;0;0;0;3;1;0.00;0.00;0.00;0.00;0.00;Matches
359;Nicolás Freire;ARG;DF;Independiente;32-224;1994;2;0;19;0.2;0;0;0;0;0;0;0;0;0.00;0.00;0.00;0.00;0.00;Matches
360;Joaquín Freitas;ARG;MF,FW;River Plate;19-302;2006;16;8;871;9.7;1;1;2;1;0;0;2;0;0.10;0.10;0.21;0.10;0.21;Matches
361;Ramiro Funes Mori;ARG;DF;Estudiantes–LP;35-209;1991;6;5;445;4.9;0;0;0;0;0;0;1;0;0.00;0.00;0.00;0.00;0.00;Matches
362;Lucas Gabriel Silva;ARG;MF;River Plate;19-216;2007;2;2;170;1.9;0;0;0;0;0;0;1;0;0.00;0.00;0.00;0.00;0.00;Matches
363;Ramiro Gagliardi;ARG;FW;Defensa;20-046;2006;1;0;12;0.1;0;0;0;0;0;0;0;0;0.00;0.00;0.00;0.00;0.00;Matches
364;Adolfo Gaich;ARG;FW;Estudiantes–LP;27-216;1999;15;8;733;8.1;4;2;6;4;0;0;1;0;0.49;0.25;0.74;0.49;0.74;Matches
365;Nicolás Gaitán;ARG;MF,FW;Aldosivi;38-219;1988;8;6;508;5.6;1;1;2;1;0;0;0;0;0.18;0.18;0.35;0.18;0.35;Matches
366;Matías Galarza;ARG;MF;Talleres–C;24-210;2002;25;22;2011;22.3;0;1;1;0;0;0;6;1;0.00;0.04;0.04;0.00;0.04;Matches
367;Hernán Galíndez;ECU;GK;Huracán;39-184;1987;25;25;2250;25.0;0;0;0;0;0;0;0;0;0.00;0.00;0.00;0.00;0.00;Matches
368;Facundo Gallardo;ARG;MF;Estudiantes–RC;20-260;2006;4;2;157;1.7;0;0;0;0;0;0;0;0;0.00;0.00;0.00;0.00;0.00;Matches
369;Matías Gallardo;ARG;MF;Instituto;22-311;2003;18;9;882;9.8;1;1;2;1;0;0;5;1;0.10;0.10;0.20;0.10;0.20;Matches
370;Rodrigo Gallo;ARG;DF;Dep. Riestra;25-330;2000;9;6;457;5.1;0;0;0;0;0;0;2;0;0.00;0.00;0.00;0.00;0.00;Matches
371;Giuliano Galoppo;ARG;MF;River Plate;27-104;1999;9;2;335;3.7;1;0;1;1;0;0;1;0;0.27;0.00;0.27;0.27;0.27;Matches
372;Francisco Galván;ARG;FW;Estudiantes–RC;27-076;1999;1;0;7;0.1;0;0;0;0;0;0;0;0;0.00;0.00;0.00;0.00;0.00;Matches
373;Ignacio Galván;ARG;DF;Atlé Tucumán;24-024;2002;21;17;1582;17.6;0;0;0;0;0;0;4;1;0.00;0.00;0.00;0.00;0.00;Matches
374;Jonathan Galván;ARG;DF;Instituto;34-097;1992;23;22;1696;18.8;0;1;1;0;0;0;6;0;0.00;0.05;0.05;0.00;0.05;Matches
375;Tomás Galván;ARG;MF;River Plate;26-172;2000;25;23;1771;19.7;5;2;7;5;0;0;0;0;0.25;0.10;0.36;0.25;0.36;Matches
376;Lucas Gamba;ARG;MF;Barracas Central;39-098;1987;6;1;133;1.5;1;0;1;1;0;0;0;0;0.68;0.00;0.68;0.68;0.68;Matches
377;Martín Garay;ARG;MF,DF;Tigre;27-110;1999;19;11;1209;13.4;1;1;2;1;0;0;1;0;0.07;0.07;0.15;0.07;0.15;Matches
378;Agustín García Basso;ARG;DF;Racing Club;34-188;1992;7;6;512;5.7;0;0;0;0;0;0;2;1;0.00;0.00;0.00;0.00;0.00;Matches
379;Franco García;ARG;MF,FW;Newell's;29-118;1997;8;2;224;2.5;1;0;1;1;0;0;0;0;0.40;0.00;0.40;0.40;0.40;Matches
380;Joaquín García;ARG;DF;Vélez Sarsfield;25-041;2001;22;21;1887;21.0;2;1;3;2;0;0;2;0;0.10;0.05;0.14;0.10;0.14;Matches
381;Luciano Agustin Bonomo Garcia;ARG;MF;Belgrano;34-272;1992;1;0;3;0.0;0;0;0;0;0;0;0;0;0.00;0.00;0.00;0.00;0.00;Matches
382;Manuel García;ARG;MF,DF;Sarmiento–J;27-111;1999;14;9;875;9.7;0;0;0;0;0;0;3;0;0.00;0.00;0.00;0.00;0.00;Matches
383;Martín García;;MF,FW;Aldosivi;;;18;10;928;10.3;0;1;1;0;0;0;7;0;0.00;0.10;0.10;0.00;0.10;Matches
384;Mateo García;ARG;FW,MF;Newell's;30-020;1996;5;0;108;1.2;0;0;0;0;0;0;0;0;0.00;0.00;0.00;0.00;0.00;Matches
385;Matías García;ARG;MF;Dep. Riestra;30-323;1995;10;6;525;5.8;0;0;0;0;0;0;3;0;0.00;0.00;0.00;0.00;0.00;Matches
386;Ignacio Gariglio;ARG;DF;Dep. Riestra;28-158;1998;6;4;320;3.6;0;0;0;0;0;0;2;0;0.00;0.00;0.00;0.00;0.00;Matches
387;Martín Garnerone;ARG;MF,FW;Estudiantes–RC;28-002;1998;19;13;1001;11.1;2;0;2;2;0;0;2;0;0.18;0.00;0.18;0.18;0.18;Matches
388;Juan Gauto;ARG;MF;Platense;22-120;2004;22;14;1244;13.8;0;2;2;0;0;0;0;0;0.00;0.14;0.14;0.00;0.14;Matches
389;Gonzalo Gelini;ARG;FW;Boca Juniors;19-289;2006;5;2;186;2.1;0;1;1;0;0;0;0;0;0.00;0.48;0.48;0.00;0.48;Matches
390;Alejo Gelsomino;ARG;DF;Gimnasia–LP;21-138;2005;1;0;45;0.5;0;0;0;0;0;0;0;0;0.00;0.00;0.00;0.00;0.00;Matches
391;Bautista Gerez;ARG;FW;C. Córdoba–SdE;19-260;2007;2;0;16;0.2;0;0;0;0;0;0;0;0;0.00;0.00;0.00;0.00;0.00;Matches
392;Laurtaro Giaccone;ARG;MF,FW;Arg Juniors;25-241;2001;10;3;358;4.0;0;0;0;0;0;0;0;0;0.00;0.00;0.00;0.00;0.00;Matches
393;Renzo Giampaoli;ARG;DF;Gimnasia–LP;26-266;2000;20;15;1403;15.6;0;0;0;0;0;0;4;0;0.00;0.00;0.00;0.00;0.00;Matches
394;Lautaro Gianetti;ARG;DF;Newell's;32-321;1993;10;9;831;9.2;0;0;0;0;0;0;1;0;0.00;0.00;0.00;0.00;0.00;Matches
395;Santino Gianini;ARG;DF;Arg Juniors;18-006;2008;1;0;72;0.8;0;0;0;0;0;0;0;0;0.00;0.00;0.00;0.00;0.00;Matches
396;Emiliano Giannunzio;ARG;MF;Unión;44-248;1982;9;5;468;5.2;0;1;1;0;0;0;2;0;0.00;0.19;0.19;0.00;0.19;Matches
397;Leonardo Gil;ARG;MF;Huracán;35-122;1991;25;20;1733;19.3;0;2;2;0;0;0;4;0;0.00;0.10;0.10;0.00;0.10;Matches
398;Orlando Gill;PAR;GK;CA San Lorenzo;26-111;2000;18;18;1591;17.7;0;0;0;0;0;0;1;1;0.00;0.00;0.00;0.00;0.00;Matches
399;Elián Giménez;ARG;MF;Sarmiento–J;22-191;2004;7;3;221;2.5;0;0;0;0;0;0;1;0;0.00;0.00;0.00;0.00;0.00;Matches
400;Enzo Giménez;PAR;MF,DF;Rosario Central;28-225;1998;14;14;1245;13.8;1;1;2;1;0;0;5;0;0.07;0.07;0.14;0.07;0.14;Matches
401;Juan Giménez;ARG;DF;Rosario Central;20-156;2006;1;1;58;0.6;0;0;0;0;0;0;1;0;0.00;0.00;0.00;0.00;0.00;Matches
402;Luciano Giménez;ARG;FW;Huracán;26-224;2000;6;1;109;1.2;0;0;0;0;0;0;3;0;0.00;0.00;0.00;0.00;0.00;Matches
403;Luciano Giménez;ARG;FW;Platense;26-224;2000;4;2;195;2.2;1;0;1;1;0;0;0;0;0.46;0.00;0.46;0.46;0.46;Matches
404;Matías Giménez;ARG;FW;Arg Juniors;27-208;1999;9;0;189;2.1;1;0;1;1;0;0;1;0;0.48;0.00;0.48;0.48;0.48;Matches
405;Milton Giménez;ARG;FW;Boca Juniors;30-049;1996;8;3;269;3.0;3;0;3;2;1;1;1;0;1.00;0.00;1.00;0.67;0.67;Matches
406;Ulises Giménez;ARG;DF;Sarmiento–J;20-272;2006;6;1;203;2.3;0;0;0;0;0;0;0;0;0.00;0.00;0.00;0.00;0.00;Matches
407;Federico Gino;URU;MF;Aldosivi;33-216;1993;13;12;1026;11.4;2;0;2;1;1;1;6;0;0.18;0.00;0.18;0.09;0.09;Matches
408;Dilan Godoy;ARG;FW,MF;Vélez Sarsfield;20-237;2006;20;10;852;9.5;0;3;3;0;0;0;2;0;0.00;0.32;0.32;0.00;0.32;Matches
409;Erik Godoy;ARG;DF;Arg Juniors;33-045;1993;11;7;595;6.6;1;0;1;1;0;0;0;0;0.15;0.00;0.15;0.15;0.15;Matches
410;Lautaro Godoy;PAR;MF;Atlé Tucumán;23-199;2003;23;13;1332;14.8;1;2;3;1;0;0;3;1;0.07;0.14;0.20;0.07;0.20;Matches
411;Leonardo Godoy;ARG;DF;Independiente;31-155;1995;17;15;1142;12.7;1;1;2;1;0;0;5;0;0.08;0.08;0.16;0.08;0.16;Matches
412;Matías Godoy;ARG;MF;Aldosivi;24-263;2002;8;5;470;5.2;0;0;0;0;0;0;1;0;0.00;0.00;0.00;0.00;0.00;Matches
413;Jonatan Goitía;ARG;MF;Dep. Riestra;32-059;1994;23;14;1237;13.7;0;1;1;0;0;0;7;1;0.00;0.07;0.07;0.00;0.07;Matches
414;Elías Gómez;ARG;DF;Vélez Sarsfield;32-113;1994;25;25;2222;24.7;0;4;4;0;0;0;7;0;0.00;0.16;0.16;0.00;0.16;Matches
415;Emmanuel Gómez;ARG;GK;Ind. Rivadavia;25-016;2001;2;2;180;2.0;0;0;0;0;0;0;0;0;0.00;0.00;0.00;0.00;0.00;Matches
416;Iván Gómez;ARG;MF;Platense;29-214;1997;14;11;954;10.6;0;0;0;0;0;0;2;0;0.00;0.00;0.00;0.00;0.00;Matches
417;José Gómez;ARG;DF;C. Córdoba–SdE;26-208;2000;5;0;62;0.7;0;0;0;0;0;0;0;0;0.00;0.00;0.00;0.00;0.00;Matches
418;Lautaro Gómez;ARG;MF;Banfield;23-053;2003;24;12;1092;12.1;5;0;5;5;0;0;3;0;0.41;0.00;0.41;0.41;0.41;Matches
419;Lucas Gómez;ARG;MF;Newell's;22-105;2004;3;0;30;0.3;0;0;0;0;0;0;1;0;0.00;0.00;0.00;0.00;0.00;Matches
420;Lucas Gómez;ARG;MF;Arg Juniors;22-105;2004;9;2;271;3.0;0;0;0;0;0;0;0;0;0.00;0.00;0.00;0.00;0.00;Matches
421;Luciano Gómez;ARG;DF,MF;Ind. Rivadavia;30-192;1996;15;7;744;8.3;1;3;4;1;0;0;2;0;0.12;0.36;0.48;0.12;0.48;Matches
422;Matias Gomez;ARG;MF;Talleres–C;20-311;2005;2;1;82;0.9;0;0;0;0;0;0;1;0;0.00;0.00;0.00;0.00;0.00;Matches
423;Thiago Gómez;ARG;DF;Arg Juniors;20-196;2006;1;0;4;0.0;0;0;0;0;0;0;0;0;0.00;0.00;0.00;0.00;0.00;Matches
424;Alexis González;ARG;FW;Sarmiento–J;21-260;2005;2;0;21;0.2;0;0;0;0;0;0;0;0;0.00;0.00;0.00;0.00;0.00;Matches
425;Imanol González Benac;ARG;DF;Gimnasia–M;28-267;1998;7;7;577;6.4;0;0;0;0;0;0;0;0;0.00;0.00;0.00;0.00;0.00;Matches
426;Facundo González;ARG;DF;River Plate;20-180;2006;3;1;138;1.5;0;0;0;0;0;0;0;0;0.00;0.00;0.00;0.00;0.00;Matches
427;Francisco González;ARG;MF;Belgrano;29-185;1997;19;8;835;9.3;3;1;4;3;0;0;0;0;0.32;0.11;0.43;0.32;0.43;Matches
428;Gaston Gonzalez;ARG;MF;Sarmiento–J;25-095;2001;10;0;193;2.1;1;1;2;1;0;0;0;0;0.47;0.47;0.93;0.47;0.93;Matches
429;Giovanni González;URU;DF;River Plate;32-010;1994;3;1;152;1.7;0;0;0;0;0;0;0;0;0.00;0.00;0.00;0.00;0.00;Matches
430;Gonzalo González;ARG;MF;Estudiantes–RC;31-208;1995;10;9;771;8.6;0;0;0;0;0;0;1;0;0.00;0.00;0.00;0.00;0.00;Matches
431;Gonzalo González;ARG;FW;Gimnasia–LP;31-208;1995;1;0;3;0.0;0;0;0;0;0;0;0;0;0.00;0.00;0.00;0.00;0.00;Matches
432;Lucas González;ARG;FW;Estudiantes–RC;29-067;1997;4;0;103;1.1;0;0;0;0;0;0;0;0;0.00;0.00;0.00;0.00;0.00;Matches
433;Lucas González;ARG;MF;C. Córdoba–SdE;26-119;2000;24;19;1531;17.0;0;0;0;0;0;0;4;0;0.00;0.00;0.00;0.00;0.00;Matches
434;Luciano González;URU;FW;Defensa;20-272;2006;4;0;130;1.4;0;0;0;0;0;0;0;0;0.00;0.00;0.00;0.00;0.00;Matches
435;Leandro González Pirez;ARG;DF;Estudiantes–LP;34-216;1992;18;15;1407;15.6;2;0;2;2;0;0;10;0;0.13;0.00;0.13;0.13;0.13;Matches
436;Rodrigo González;ARG;DF,MF;Aldosivi;26-169;2000;20;17;1395;15.5;0;1;1;0;0;0;6;0;0.00;0.06;0.06;0.00;0.06;Matches
437;Santiago González;ARG;MF;Tigre;23-150;2003;10;6;532;5.9;0;0;0;0;0;0;0;0;0.00;0.00;0.00;0.00;0.00;Matches
438;Tomás González;ARG;FW;Unión;23-135;2003;1;0;18;0.2;0;0;0;0;0;0;0;0;0.00;0.00;0.00;0.00;0.00;Matches
439;Tomás González;ARG;MF;Dep. Riestra;23-135;2003;10;2;427;4.7;2;0;2;2;0;0;0;0;0.42;0.00;0.42;0.42;0.42;Matches
440;Tomás González;ARG;MF;Estudiantes–RC;27-333;1998;24;22;1801;20.0;0;0;0;0;0;0;8;0;0.00;0.00;0.00;0.00;0.00;Matches
441;Jano Gordon;ARG;DF;Vélez Sarsfield;22-106;2004;3;3;258;2.9;1;0;1;1;0;0;0;0;0.35;0.00;0.35;0.35;0.35;Matches
442;Dylan Gorosito;ARG;DF;Boca Juniors;20-239;2006;6;5;455;5.1;0;2;2;0;0;0;1;0;0.00;0.40;0.40;0.00;0.40;Matches
443;Miguel Graneros;ARG;FW;Dep. Riestra;30-155;1996;3;1;101;1.1;0;0;0;0;0;0;0;0;0.00;0.00;0.00;0.00;0.00;Matches
444;Rodrigo Granillo;ARG;MF;Atlé Tucumán;20-241;2006;4;0;42;0.5;0;0;0;0;0;0;0;0;0.00;0.00;0.00;0.00;0.00;Matches
445;Santiago Grella;ARG;MF;Unión;21-198;2005;4;0;68;0.8;0;0;0;0;0;0;0;0;0.00;0.00;0.00;0.00;0.00;Matches
446;Iván Guaraz;ARG;MF;Barracas Central;21-142;2005;11;5;479;5.3;0;0;0;0;0;0;3;0;0.00;0.00;0.00;0.00;0.00;Matches
447;Facundo Guch;ARG;MF;Newell's;19-253;2007;24;23;1684;18.7;2;4;6;2;0;0;4;0;0.11;0.21;0.32;0.11;0.32;Matches
448;Nicolás Guerra;CHI;FW,MF;Instituto;27-264;1999;19;5;592;6.6;1;0;1;1;0;0;4;0;0.15;0.00;0.15;0.15;0.15;Matches
449;Álvaro Güich;ARG;DF;Rosario Central;17-272;2009;1;0;32;0.4;0;0;0;0;0;0;0;0;0.00;0.00;0.00;0.00;0.00;Matches
450;Tomás Guidara;ARG;DF;Lanús;30-201;1996;21;20;1728;19.2;0;1;1;0;0;0;4;0;0.00;0.05;0.05;0.00;0.05;Matches
451;Germán Guiffrey;ARG;DF;Gimnasia–M;28-273;1997;3;1;162;1.8;0;0;0;0;0;0;1;0;0.00;0.00;0.00;0.00;0.00;Matches
452;Facundo Gulli;ARG;MF,FW;CA San Lorenzo;21-005;2005;22;15;1061;11.8;0;2;2;0;0;0;4;0;0.00;0.17;0.17;0.00;0.17;Matches
453;Rodrigo Guth;BRA;DF;Talleres–C;25-324;2000;2;1;103;1.1;0;0;0;0;0;0;1;0;0.00;0.00;0.00;0.00;0.00;Matches
454;Juan Gutierrez;URU;MF,FW;Defensa;24-238;2002;26;25;2177;24.2;4;6;10;4;0;0;3;0;0.17;0.25;0.41;0.17;0.41;Matches
455;Kevin Gutiérrez;ARG;MF;Rosario Central;20-243;2006;1;0;14;0.2;0;0;0;0;0;0;0;0;0.00;0.00;0.00;0.00;0.00;Matches
456;Lautaro Gutierrez;ARG;FW;Belgrano;20-237;2006;17;2;457;5.1;3;0;3;3;0;0;0;0;0.59;0.00;0.59;0.59;0.59;Matches
457;Maximiliano Gutiérrez;CHI;MF,FW;Independiente;22-150;2004;14;9;790;8.8;3;1;4;3;0;0;1;0;0.34;0.11;0.46;0.34;0.46;Matches
458;Natanael Guzmán;ARG;FW,MF;Aldosivi;27-050;1999;13;5;442;4.9;0;0;0;0;0;0;0;0;0.00;0.00;0.00;0.00;0.00;Matches
459;Ezequiel Ham;SYR;MF;Atlé Tucumán;32-204;1994;16;9;757;8.4;0;1;1;0;0;0;3;0;0.00;0.12;0.12;0.00;0.12;Matches
460;Agustin Hausch;ARG;MF,FW;Defensa;23-132;2003;22;13;976;10.8;1;0;1;1;0;0;1;0;0.09;0.00;0.09;0.09;0.09;Matches
461;Diego Herazo;COL;FW;CA San Lorenzo;30-169;1996;9;0;149;1.7;1;1;2;1;0;0;0;0;0.60;0.60;1.21;0.60;1.21;Matches
462;Leonardo Heredia;ARG;FW,MF;Platense;30-262;1996;19;10;793;8.8;0;0;0;0;0;0;3;0;0.00;0.00;0.00;0.00;0.00;Matches
463;Ramiro Hernandes;ARG;MF;Belgrano;21-322;2004;25;8;1024;11.4;2;2;4;2;0;0;4;0;0.18;0.18;0.35;0.18;0.35;Matches
464;Gastón Hernández;ARG;DF;CA San Lorenzo;28-254;1998;9;9;798;8.9;0;0;0;0;0;0;2;0;0.00;0.00;0.00;0.00;0.00;Matches
465;Matías Hernández;ARG;FW;CA San Lorenzo;21-116;2005;2;0;54;0.6;0;0;0;0;0;0;0;0;0.00;0.00;0.00;0.00;0.00;Matches
466;Matías Hernández;ARG;FW;Banfield;21-116;2005;5;2;205;2.3;1;0;1;0;1;1;0;0;0.44;0.00;0.44;0.00;0.00;Matches
467;Ander Herrera;ESP;MF;Boca Juniors;37-047;1989;9;5;466;5.2;0;0;0;0;0;0;1;0;0.00;0.00;0.00;0.00;0.00;Matches
468;Ezequiel Herrera;ARG;DF;CA San Lorenzo;23-251;2003;22;21;1883;20.9;1;0;1;1;0;0;5;0;0.05;0.00;0.05;0.05;0.05;Matches
469;Facundo Herrera;ARG;DF;Boca Juniors;20-081;2006;4;2;203;2.3;0;0;0;0;0;0;1;0;0.00;0.00;0.00;0.00;0.00;Matches
470;Guido Herrera;ARG;GK;Talleres–C;34-213;1992;16;16;1440;16.0;0;0;0;0;0;0;2;0;0.00;0.00;0.00;0.00;0.00;Matches
471;Jonathan Herrera;ARG;FW;Dep. Riestra;35-014;1991;16;12;979;10.9;0;0;0;0;0;0;4;0;0.00;0.00;0.00;0.00;0.00;Matches
472;Jonathan Herrera;ARG;FW;Sarmiento–J;35-014;1991;10;8;620;6.9;1;0;1;1;0;0;0;0;0.15;0.00;0.15;0.15;0.15;Matches
473;Rodrigo Herrera;ARG;MF;Newell's;26-059;2000;21;17;1406;15.6;0;0;0;0;0;0;3;0;0.00;0.00;0.00;0.00;0.00;Matches
474;Ibrahim Hesar;SYR;FW;Estudiantes–RC;32-319;1993;8;6;565;6.3;1;0;1;0;1;1;3;0;0.16;0.00;0.16;0.00;0.00;Matches
475;Michael Hoyos;ARG;FW;Newell's;35-059;1991;9;3;432;4.8;1;0;1;1;0;0;0;0;0.21;0.00;0.21;0.21;0.21;Matches
476;Marco Iacobellis;ARG;MF,FW;C. Córdoba–SdE;26-277;1999;21;11;1057;11.7;1;1;2;1;0;0;3;0;0.09;0.09;0.17;0.09;0.17;Matches
477;Fabricio Iacovich;ARG;GK;Estudiantes–LP;24-244;2002;9;8;765;8.5;0;0;0;0;0;0;0;0;0.00;0.00;0.00;0.00;0.00;Matches
478;César Ibáñez;ARG;DF;Huracán;27-105;1999;21;20;1719;19.1;0;3;3;0;0;0;12;1;0.00;0.16;0.16;0.00;0.16;Matches
479;Franco Ibarra;ARG;MF;Rosario Central;25-155;2001;23;22;1986;22.1;0;1;1;0;0;0;10;0;0.00;0.05;0.05;0.00;0.05;Matches
480;Marcos Ignacio Ledesma;ARG;GK;Instituto;30-015;1996;10;10;900;10.0;0;0;0;0;0;0;0;0;0.00;0.00;0.00;0.00;0.00;Matches
481;Juan Ignacio Méndez;ARG;MF;Instituto;29-155;1997;20;7;735;8.2;0;1;1;0;0;0;3;0;0.00;0.12;0.12;0.00;0.12;Matches
482;Juan Ignacio Ramírez;URU;FW;Newell's;29-241;1997;18;8;767;8.5;4;1;5;3;1;1;0;0;0.47;0.12;0.59;0.35;0.47;Matches
483;Juan Infante;ARG;DF;Atlé Tucumán;30-266;1996;4;2;199;2.2;0;0;0;0;0;0;0;0;0.00;0.00;0.00;0.00;0.00;Matches
484;Gino Infantino;ARG;MF;Arg Juniors;23-134;2003;2;0;36;0.4;0;0;0;0;0;0;0;0;0.00;0.00;0.00;0.00;0.00;Matches
485;Celías Ingenthron;ARG;DF;Platense;18-094;2008;6;4;373;4.1;0;0;0;0;0;0;1;1;0.00;0.00;0.00;0.00;0.00;Matches
486;Luis Ingolotti;ARG;GK;Atlé Tucumán;26-259;2000;26;26;2340;26.0;0;1;1;0;0;0;1;0;0.00;0.04;0.04;0.00;0.04;Matches
487;José Ingratti;ARG;FW;Dep. Riestra;26-064;2000;1;1;45;0.5;0;0;0;0;0;0;0;0;0.00;0.00;0.00;0.00;0.00;Matches
488;Emanuel Iñíguez;ARG;DF;Aldosivi;30-014;1996;2;1;57;0.6;0;0;0;0;0;0;0;0;0.00;0.00;0.00;0.00;0.00;Matches
489;Manuel Insaurralde;ARG;MF;CA San Lorenzo;27-242;1999;12;10;746;8.3;1;0;1;1;0;0;1;1;0.12;0.00;0.12;0.12;0.12;Matches
490;Nelson Insfrán;ARG;GK;Gimnasia–LP;31-129;1995;24;24;2097;23.3;0;0;0;0;0;0;0;0;0.00;0.00;0.00;0.00;0.00;Matches
491;Rodrigo Insúa;ARG;MF,DF;Barracas Central;28-288;1997;25;22;2020;22.4;3;1;4;1;2;2;5;0;0.13;0.04;0.18;0.04;0.09;Matches
492;Carlos Izquierdoz;ARG;DF;Lanús;37-331;1988;22;22;1976;22.0;3;1;4;3;0;1;8;0;0.14;0.05;0.18;0.14;0.18;Matches
493;Cristian Jaime;ARG;FW;River Plate;20-078;2006;1;0;19;0.2;0;0;0;0;0;0;0;0;0.00;0.00;0.00;0.00;0.00;Matches
494;Facundo Jainikoski;ARG;FW,MF;Arg Juniors;18-199;2008;20;5;731;8.1;0;2;2;0;0;0;0;0;0.00;0.25;0.25;0.00;0.25;Matches
495;Lucas Janson;ARG;FW,MF;Boca Juniors;32-045;1994;3;3;182;2.0;0;0;0;0;0;0;1;0;0.00;0.00;0.00;0.00;0.00;Matches
496;Lucas Janson;ARG;MF;Gimnasia–LP;32-045;1994;7;4;360;4.0;0;1;1;0;0;1;0;0;0.00;0.25;0.25;0.00;0.25;Matches
497;Kevin Jappert;ARG;DF;Barracas Central;22-217;2004;18;14;1299;14.4;1;0;1;1;0;0;2;0;0.07;0.00;0.07;0.07;0.07;Matches
498;Franco Jara;ARG;FW;Instituto;38-077;1988;11;8;710;7.9;1;0;1;0;1;2;2;0;0.13;0.00;0.13;0.00;0.00;Matches
499;Máximo Jonás Cabrera;ARG;MF;Defensa;17-362;2008;1;0;7;0.1;0;0;0;0;0;0;0;0;0.00;0.00;0.00;0.00;0.00;Matches
500;David Juárez;ARG;FW;Aldosivi;18-310;2007;1;0;20;0.2;0;0;0;0;0;0;0;0;0.00;0.00;0.00;0.00;0.00;Matches
501;Fernando Juárez;ARG;MF;C. Córdoba–SdE;28-038;1998;4;3;315;3.5;0;0;0;0;0;0;1;0;0.00;0.00;0.00;0.00;0.00;Matches
502;Julián Kadijevic;ARG;GK;Gimnasia–LP;22-246;2004;2;1;153;1.7;0;0;0;0;0;0;0;0;0.00;0.00;0.00;0.00;0.00;Matches
503;Nsumoh Kalu;SVK;FW;Dep. Riestra;25-108;2001;1;0;18;0.2;0;0;0;0;0;0;0;0;0.00;0.00;0.00;0.00;0.00;Matches
504;Ryoga Kida;JPN;FW;Arg Juniors;21-077;2005;5;0;94;1.0;1;0;1;1;0;0;0;0;0.96;0.00;0.96;0.96;0.96;Matches
505;Luca Klimowicz;ARG;FW;Instituto;22-134;2004;2;0;11;0.1;0;0;0;0;0;0;0;0;0.00;0.00;0.00;0.00;0.00;Matches
506;Matías Kranevitter;ARG;MF;Racing Club;33-132;1993;6;3;275;3.1;0;1;1;0;0;0;3;0;0.00;0.33;0.33;0.00;0.33;Matches
507;Agustín Ladstatter;ARG;MF;CA San Lorenzo;21-117;2005;15;5;501;5.6;0;0;0;0;0;0;0;1;0.00;0.00;0.00;0.00;0.00;Matches
508;Agustín Lagos;ARG;DF;Platense;24-356;2001;13;6;625;6.9;0;0;0;0;0;0;2;0;0.00;0.00;0.00;0.00;0.00;Matches
509;Lucas Lamella;ARG;DF;Gimnasia–LP;16-293;2009;1;0;4;0.0;0;0;0;0;0;0;0;0;0.00;0.00;0.00;0.00;0.00;Matches
510;Nicolás Laméndola;ARG;MF,FW;Atlé Tucumán;27-292;1998;24;21;1806;20.1;1;1;2;1;0;0;6;0;0.05;0.05;0.10;0.05;0.10;Matches
511;Leonardo Landriel;ARG;MF;Dep. Riestra;30-078;1996;2;0;20;0.2;0;0;0;0;0;0;1;0;0.00;0.00;0.00;0.00;0.00;Matches
512;Manuel Lanzini;ARG;MF;Vélez Sarsfield;33-227;1993;26;24;1945;21.6;6;0;6;6;0;0;2;0;0.28;0.00;0.28;0.28;0.28;Matches
513;Thiago Laplace;ARG;MF;Lanús;20-180;2006;2;0;15;0.2;0;0;0;0;0;0;0;0;0.00;0.00;0.00;0.00;0.00;Matches
514;Alan Laprida;ARG;MF;C. Córdoba–SdE;22-000;2004;11;3;416;4.6;0;0;0;0;0;0;1;0;0.00;0.00;0.00;0.00;0.00;Matches
515;Joaquín Laso;ARG;DF;Tigre;36-088;1990;17;17;1492;16.6;0;0;0;0;0;0;4;0;0.00;0.00;0.00;0.00;0.00;Matches
516;Agustín Lastra;ARG;GK;Estudiantes–RC;25-271;2001;12;12;1080;12.0;0;0;0;0;0;0;0;0;0.00;0.00;0.00;0.00;0.00;Matches
517;Federico Laurelli;ARG;MF,DF;Aldosivi;22-082;2004;4;3;240;2.7;0;0;0;0;0;0;1;0;0.00;0.00;0.00;0.00;0.00;Matches
518;Jeremías Lázaro;ARG;MF,FW;Instituto;22-094;2004;21;4;725;8.1;1;3;4;1;0;0;2;0;0.12;0.37;0.50;0.12;0.50;Matches
519;Jeremías Ledesma;ARG;GK;Rosario Central;33-229;1993;20;20;1800;20.0;0;0;0;0;0;0;0;0;0.00;0.00;0.00;0.00;0.00;Matches
520;Tobías Leiva;ARG;MF;Estudiantes–RC;22-233;2004;3;0;81;0.9;0;0;0;0;0;0;0;0;0.00;0.00;0.00;0.00;0.00;Matches
521;Gonzalo Lencina;ARG;FW;Platense;28-347;1997;15;8;678;7.5;1;0;1;1;0;0;1;0;0.13;0.00;0.13;0.13;0.13;Matches
522;Santiago Lencina;ARG;MF;River Plate;21-026;2005;4;0;67;0.7;0;0;0;0;0;0;0;0;0.00;0.00;0.00;0.00;0.00;Matches
523;Facundo Lencioni;ARG;MF;Gimnasia–M;25-228;2001;25;25;2094;23.3;4;7;11;4;0;1;5;0;0.17;0.30;0.47;0.17;0.47;Matches
524;Alan Lescano;ARG;MF;Arg Juniors;24-323;2001;22;22;1814;20.2;4;0;4;3;1;1;5;0;0.20;0.00;0.20;0.15;0.15;Matches
525;Leandro Lescano;ARG;DF;Huracán;23-211;2003;9;4;300;3.3;0;0;0;0;0;0;3;2;0.00;0.00;0.00;0.00;0.00;Matches
526;Bruno Leyes;ARG;MF;Tigre;24-335;2001;20;15;1308;14.5;0;0;0;0;0;0;5;0;0.00;0.00;0.00;0.00;0.00;Matches
527;Franco Leys;ARG;MF;Aldosivi;32-347;1993;11;4;504;5.6;0;0;0;0;0;0;1;0;0.00;0.00;0.00;0.00;0.00;Matches
528;Nicolás Linares;ARG;MF;Aldosivi;30-208;1996;2;2;151;1.7;0;0;0;0;0;0;0;0;0.00;0.00;0.00;0.00;0.00;Matches
529;Nicolás Linares;ARG;MF;Gimnasia–M;30-208;1996;8;8;652;7.2;0;0;0;0;0;0;2;0;0.00;0.00;0.00;0.00;0.00;Matches
530;Francesco Lo Celso;ARG;MF;Estudiantes–RC;26-209;2000;4;0;24;0.3;0;0;0;0;0;0;0;0;0.00;0.00;0.00;0.00;0.00;Matches
531;Gonzalo Lobos;PAR;MF;Lanús;19-239;2007;3;1;89;1.0;1;0;1;1;0;0;0;0;1.01;0.00;1.01;1.01;1.01;Matches
532;Gastón Lodico;ARG;MF;Instituto;28-125;1998;15;14;1110;12.3;0;2;2;0;0;0;1;0;0.00;0.16;0.16;0.00;0.16;Matches
533;Gastón Lodico;ARG;MF;Racing Club;28-125;1998;5;3;310;3.4;0;0;0;0;0;0;0;0;0.00;0.00;0.00;0.00;0.00;Matches
534;Kevin Lomónaco;ARG;DF;Independiente;24-265;2002;23;20;1779;19.8;0;1;1;0;0;0;5;0;0.00;0.05;0.05;0.00;0.05;Matches
535;Santiago Longo;ARG;MF;Belgrano;28-171;1998;16;7;703;7.8;0;0;0;0;0;0;1;1;0.00;0.00;0.00;0.00;0.00;Matches
536;Elías López;ARG;DF,MF;Aldosivi;26-084;2000;8;6;492;5.5;0;0;0;0;0;0;1;0;0.00;0.00;0.00;0.00;0.00;Matches
537;Fabricio López;ARG;DF;CA San Lorenzo;23-313;2002;5;2;263;2.9;0;0;0;0;0;0;1;0;0.00;0.00;0.00;0.00;0.00;Matches
538;Julián López;ARG;MF;Defensa;26-265;2000;8;1;278;3.1;0;0;0;0;0;0;0;0;0.00;0.00;0.00;0.00;0.00;Matches
539;Lisandro López;ARG;DF;Belgrano;37-029;1989;22;22;1918;21.3;1;0;1;1;0;0;4;0;0.05;0.00;0.05;0.05;0.05;Matches
540;Marcos López;ARG;MF;Banfield;19-352;2006;2;1;54;0.6;0;0;0;0;0;0;1;0;0.00;0.00;0.00;0.00;0.00;Matches
541;Hernán López Muñoz;ARG;MF,FW;Arg Juniors;26-023;2000;21;18;1368;15.2;4;3;7;4;0;0;0;1;0.26;0.20;0.46;0.26;0.46;Matches
542;Nicolás López;URU;FW;Platense;32-364;1993;6;1;150;1.7;0;0;0;0;0;0;1;0;0.00;0.00;0.00;0.00;0.00;Matches
543;Santiago López;ARG;DF,MF;Banfield;28-300;1997;26;24;2200;24.4;2;5;7;2;0;0;3;0;0.08;0.20;0.29;0.08;0.29;Matches
544;Santiago López;ARG;MF,FW;Tigre;20-233;2006;25;18;1599;17.8;1;2;3;1;0;0;5;0;0.06;0.11;0.17;0.06;0.17;Matches
545;Franco Lorenzón;ARG;DF;CA San Lorenzo;25-195;2001;3;3;270;3.0;0;0;0;0;0;0;2;0;0.00;0.00;0.00;0.00;0.00;Matches
546;Nahuel Losada;ARG;GK;Lanús;33-166;1993;24;24;2160;24.0;0;0;0;0;0;0;4;0;0.00;0.00;0.00;0.00;0.00;Matches
547;Augusto Lotti;ITA;MF;Platense;30-112;1996;9;1;205;2.3;2;0;2;2;0;0;0;0;0.88;0.00;0.88;0.88;0.88;Matches
548;Valentín Loza;ARG;DF;Defensa;19-230;2007;8;5;510;5.7;0;1;1;0;0;0;0;0;0.00;0.18;0.18;0.00;0.18;Matches
549;Leandro Lozano;URU;DF,MF;Arg Juniors;27-285;1998;11;11;942;10.5;0;1;1;0;0;0;2;0;0.00;0.10;0.10;0.00;0.10;Matches
550;Leandro Lozano;URU;DF;Boca Juniors;27-285;1998;5;4;355;3.9;1;0;1;1;0;0;1;0;0.25;0.00;0.25;0.25;0.25;Matches
551;Raúl Lozano;ARG;DF,MF;Estudiantes–RC;29-028;1997;11;6;541;6.0;0;1;1;0;0;0;0;0;0.00;0.17;0.17;0.00;0.17;Matches
552;Jeremías Lucco;ARG;DF;Belgrano;20-294;2005;3;0;48;0.5;0;0;0;0;0;0;0;0;0.00;0.00;0.00;0.00;0.00;Matches
553;Jeremías Lucco;ARG;MF,FW;Defensa;20-294;2005;6;2;274;3.0;1;0;1;1;0;0;1;0;0.33;0.00;0.33;0.33;0.33;Matches
554;Esteban Lucero;ARG;DF,MF;Defensa;21-063;2005;11;7;642;7.1;0;0;0;0;0;0;1;0;0.00;0.00;0.00;0.00;0.00;Matches
555;Valentín Lucero;ARG;MF;River Plate;20-182;2006;1;0;7;0.1;0;0;0;0;0;0;0;0;0.00;0.00;0.00;0.00;0.00;Matches
556;Martín Luciano;ARG;DF,MF;Newell's;22-296;2003;9;7;501;5.6;0;0;0;0;0;0;3;0;0.00;0.00;0.00;0.00;0.00;Matches
557;Juan Ludueña;ARG;DF;Unión;23-231;2003;25;23;2134;23.7;1;1;2;1;0;0;5;0;0.04;0.04;0.08;0.04;0.08;Matches
558;Juan Luis Alfaro;ARG;MF,DF;Banfield;26-349;1999;5;4;270;3.0;0;0;0;0;0;0;1;0;0.00;0.00;0.00;0.00;0.00;Matches
559;José Luis Palomino;ARG;DF;Talleres–C;36-268;1990;8;5;525;5.8;0;0;0;0;0;0;0;0;0.00;0.00;0.00;0.00;0.00;Matches
560;Alex Luna;ARG;MF,FW;Instituto;22-183;2004;24;24;1934;21.5;6;3;9;4;2;3;7;0;0.28;0.14;0.42;0.19;0.33;Matches
561;Mauro Luna Diale;ARG;FW,MF;Platense;27-157;1999;1;0;12;0.1;0;0;0;0;0;0;0;0;0.00;0.00;0.00;0.00;0.00;Matches
562;Mauro Luna Diale;ARG;MF;Unión;27-157;1999;7;2;293;3.3;0;1;1;0;0;0;0;0;0.00;0.31;0.31;0.00;0.31;Matches
563;Ramiro Macagno;ARG;GK;Ind. Rivadavia;29-196;1997;1;1;13;0.1;0;0;0;0;0;0;0;0;0.00;0.00;0.00;0.00;0.00;Matches
564;Alexander Machado;URU;FW;Banfield;24-125;2002;6;6;456;5.1;1;0;1;1;0;0;0;0;0.20;0.00;0.20;0.20;0.20;Matches
565;Imanol Machuca;MAS;MF;Vélez Sarsfield;26-258;2000;4;2;154;1.7;0;0;0;0;0;0;1;0;0.00;0.00;0.00;0.00;0.00;Matches
566;Alejandro Maciel;ARG;DF;C. Córdoba–SdE;29-161;1997;24;24;2160;24.0;1;1;2;1;0;0;8;0;0.04;0.04;0.08;0.04;0.08;Matches
567;Gonzalo Maffini;ARG;DF;Estudiantes–RC;33-256;1993;21;21;1889;21.0;0;1;1;0;0;0;4;1;0.00;0.05;0.05;0.00;0.05;Matches
568;Lisandro Magallán;ARG;DF;Vélez Sarsfield;33-003;1993;21;20;1767;19.6;0;1;1;0;0;0;3;0;0.00;0.05;0.05;0.00;0.05;Matches
569;Pablo Magnín;ARG;FW;Sarmiento–J;36-158;1990;9;5;371;4.1;1;1;2;1;0;0;0;0;0.24;0.24;0.49;0.24;0.49;Matches
570;Alexandro Maidana;PAR;DF,MF;Talleres–C;21-066;2005;13;10;900;10.0;3;0;3;3;0;0;3;0;0.30;0.00;0.30;0.30;0.30;Matches
571;Guido Mainero;ARG;MF;Platense;31-191;1995;25;22;1734;19.3;2;0;2;2;0;0;4;0;0.10;0.00;0.10;0.10;0.10;Matches
572;Renzo Malanca;ARG;DF;Banfield;23-147;2003;3;2;225;2.5;0;1;1;0;0;0;0;0;0.00;0.40;0.40;0.00;0.40;Matches
573;Víctor Malcorra;ARG;MF;Independiente;39-068;1987;14;13;1131;12.6;1;3;4;1;0;0;2;0;0.08;0.24;0.32;0.08;0.32;Matches
574;Víctor Malcorra;ARG;MF;Unión;39-068;1987;8;6;535;5.9;1;1;2;1;0;0;1;0;0.17;0.17;0.34;0.17;0.34;Matches
575;Alexis Maldonado;ARG;DF;Belgrano;29-028;1997;18;17;1453;16.1;0;0;0;0;0;0;3;0;0.00;0.00;0.00;0.00;0.00;Matches
576;Facundo Mallo;URU;DF;Rosario Central;31-257;1995;13;8;819;9.1;0;0;0;0;0;0;3;0;0.00;0.00;0.00;0.00;0.00;Matches
577;Emanuel Mammana;ARG;DF;Vélez Sarsfield;30-232;1996;22;18;1638;18.2;0;0;0;0;0;0;1;0;0.00;0.00;0.00;0.00;0.00;Matches
578;Federico Mancuello;ARG;DF,FW;Independiente;37-188;1989;1;0;7;0.1;0;0;0;0;0;0;0;0;0.00;0.00;0.00;0.00;0.00;Matches
579;Eros Mancuso;ARG;DF;Estudiantes–LP;27-166;1999;18;9;999;11.1;1;0;1;1;0;0;5;0;0.09;0.00;0.09;0.09;0.09;Matches
580;Facundo Mansilla;ARG;DF;C. Córdoba–SdE;27-215;1999;21;21;1762;19.6;1;0;1;1;0;0;1;0;0.05;0.00;0.05;0.05;0.05;Matches
581;Matías Mansilla;ARG;GK;Unión;30-227;1996;26;26;2340;26.0;0;0;0;0;0;0;2;0;0.00;0.00;0.00;0.00;0.00;Matches
582;Juan Manuel Cabrera;ARG;DF;Sarmiento–J;26-204;2000;8;3;364;4.0;0;0;0;0;0;0;2;0;0.00;0.00;0.00;0.00;0.00;Matches
583;Juan Manuel Elordi;ARG;DF,MF;Ind. Rivadavia;32-040;1994;24;19;1752;19.5;1;2;3;1;0;0;3;0;0.05;0.10;0.15;0.05;0.15;Matches
584;Juan Manuel Insaurralde;ARG;DF;Sarmiento–J;41-362;1984;23;23;2000;22.2;0;0;0;0;0;0;10;2;0.00;0.00;0.00;0.00;0.00;Matches
585;Junior Marabel;PAR;FW;Sarmiento–J;28-188;1998;26;24;1996;22.2;13;4;17;9;4;5;1;0;0.59;0.18;0.77;0.41;0.59;Matches
586;Agustín Marchesín;ARG;GK;Boca Juniors;38-198;1988;12;12;1071;11.9;0;0;0;0;0;0;0;0;0.00;0.00;0.00;0.00;0.00;Matches
587;Leonardo Marchi;ARG;DF;C. Córdoba–SdE;30-013;1996;8;3;327;3.6;0;0;0;0;0;0;2;0;0.00;0.00;0.00;0.00;0.00;Matches
588;Tomás Marchiori;ARG;GK;Vélez Sarsfield;31-102;1995;10;10;900;10.0;0;0;0;0;0;0;0;0;0.00;0.00;0.00;0.00;0.00;Matches
589;Sasha Marcich;ARG;DF;Lanús;28-124;1998;25;24;2133;23.7;1;2;3;1;0;0;6;0;0.04;0.08;0.13;0.04;0.13;Matches
590;Iván Marcone;ARG;MF;Independiente;36-119;1990;24;23;2009;22.3;1;0;1;1;0;0;7;0;0.04;0.00;0.04;0.04;0.04;Matches
591;Gonzalo Maroni;ARG;FW,MF;Barracas Central;27-196;1999;20;6;876;9.7;2;0;2;2;0;0;7;0;0.21;0.00;0.21;0.21;0.21;Matches
592;Brandon Márquez;ARG;;Sarmiento–J;21-220;2005;4;0;59;0.7;0;0;0;0;0;0;1;0;0.00;0.00;0.00;0.00;0.00;Matches
593;Rodrigo Márquez;ARG;FW;Aldosivi;24-227;2002;4;0;118;1.3;0;0;0;0;0;0;0;0;0.00;0.00;0.00;0.00;0.00;Matches
594;Adrián Martínez;ARG;FW;Racing Club;34-085;1992;20;19;1621;18.0;5;0;5;4;1;2;4;1;0.28;0.00;0.28;0.22;0.22;Matches
595;Alejandro Martínez;ARG;MF,FW;Huracán;29-167;1997;11;5;395;4.4;0;0;0;0;0;0;0;0;0.00;0.00;0.00;0.00;0.00;Matches
596;Damián Martínez;ARG;MF,DF;Barracas Central;36-242;1990;14;10;726;8.1;1;0;1;1;0;0;2;0;0.12;0.00;0.12;0.12;0.12;Matches
597;Enzo Martínez;URU;DF;Gimnasia–LP;28-154;1998;24;24;2160;24.0;2;0;2;2;0;0;5;0;0.08;0.00;0.08;0.08;0.08;Matches
598;Fernando Martínez;ARG;MF,DF;C. Córdoba–SdE;26-065;2000;24;16;1459;16.2;1;1;2;1;0;0;4;0;0.06;0.06;0.12;0.06;0.12;Matches
599;Mateo Martínez;ARG;DF;Racing Club;18-156;2008;4;4;343;3.8;0;0;0;0;0;0;1;0;0.00;0.00;0.00;0.00;0.00;Matches
600;Mauricio Martínez;ARG;MF;Sarmiento–J;33-222;1993;21;15;1491;16.6;2;0;2;2;0;0;5;0;0.12;0.00;0.12;0.12;0.12;Matches
601;Pity Martínez;ARG;MF,FW;Tigre;33-109;1993;16;8;576;6.4;3;1;4;3;0;0;1;0;0.47;0.16;0.62;0.47;0.62;Matches
602;Lucas Martínez Quarta;ARG;DF;River Plate;30-143;1996;25;25;2237;24.9;1;1;2;1;0;0;8;0;0.04;0.04;0.08;0.04;0.08;Matches
603;Ronaldo Martínez;PAR;FW;Vélez Sarsfield;30-158;1996;3;3;241;2.7;4;0;4;4;0;0;0;0;1.49;0.00;1.49;1.49;1.49;Matches
604;Ronaldo Martínez;PAR;FW;Talleres–C;30-158;1996;21;19;1456;16.2;4;1;5;4;0;0;0;0;0.25;0.06;0.31;0.25;0.31;Matches
605;Rubén Martínez;ARG;MF;Independiente;22-108;2004;6;0;108;1.2;0;0;0;0;0;0;1;0;0.00;0.00;0.00;0.00;0.00;Matches
606;Thiago Martínez;ARG;FW;Defensa;19-071;2007;1;0;25;0.3;0;0;0;0;0;0;0;0;0.00;0.00;0.00;0.00;0.00;Matches
607;Ramiro Martino;ARG;;Independiente;20-252;2006;3;0;54;0.6;0;0;0;0;0;0;0;0;0.00;0.00;0.00;0.00;0.00;Matches
608;Gastón Martirena;URU;MF,DF;Racing Club;26-268;2000;6;4;337;3.7;0;0;0;0;0;0;0;0;0.00;0.00;0.00;0.00;0.00;Matches
609;Thomás de Martis;ARG;FW;Lanús;18-096;2008;5;0;90;1.0;0;0;0;0;0;0;0;0;0.00;0.00;0.00;0.00;0.00;Matches
610;Agustín Massaccesi;ARG;DF;Instituto;24-013;2002;10;4;448;5.0;0;0;0;0;0;0;1;0;0.00;0.00;0.00;0.00;0.00;Matches
611;Diego Mastrángelo;ARG;DF;Gimnasia–LP;23-327;2002;5;0;89;1.0;0;0;0;0;0;0;1;0;0.00;0.00;0.00;0.00;0.00;Matches
612;Diego Matías Rodríguez;ARG;GK;Banfield;37-097;1989;4;4;360;4.0;0;0;0;0;0;0;0;0;0.00;0.00;0.00;0.00;0.00;Matches
613;Jerónimo Mattar;ARG;MF;Newell's;18-054;2008;21;9;1042;11.6;0;1;1;0;0;0;5;0;0.00;0.09;0.09;0.00;0.09;Matches
614;Julián Mavilla;ARG;MF;Sarmiento–J;26-156;2000;9;8;626;7.0;3;1;4;3;0;0;1;0;0.43;0.14;0.58;0.43;0.58;Matches
615;Julián Mavilla;ARG;MF;Belgrano;26-156;2000;6;1;268;3.0;1;0;1;1;0;0;0;0;0.34;0.00;0.34;0.34;0.34;Matches
616;Augusto Max;ARG;MF;Gimnasia–LP;34-051;1992;19;16;1374;15.3;0;1;1;0;0;0;7;0;0.00;0.07;0.07;0.00;0.07;Matches
617;Walter Mazzantti;ARG;MF,FW;Newell's;30-025;1996;18;17;1444;16.0;2;2;4;2;0;0;1;0;0.12;0.12;0.25;0.12;0.25;Matches
618;Walter Mazzantti;ARG;MF;Independiente;30-025;1996;6;1;140;1.6;0;0;0;0;0;0;0;0;0.00;0.00;0.00;0.00;0.00;Matches
619;Agustín Medina;;MF;Lanús;;;20;11;939;10.4;0;0;0;0;0;0;6;0;0.00;0.00;0.00;0.00;0.00;Matches
620;Cristian Medina;ARG;MF;Estudiantes–LP;24-121;2002;5;5;443;4.9;0;1;1;0;0;0;0;0;0.00;0.20;0.20;0.00;0.20;Matches
621;Federico Medina;ARG;MF,FW;Banfield;22-226;2004;6;3;283;3.1;0;0;0;0;0;0;1;0;0.00;0.00;0.00;0.00;0.00;Matches
622;Sebastián Medina;ARG;MF;Tigre;26-199;2000;12;4;378;4.2;0;0;0;0;0;0;0;0;0.00;0.00;0.00;0.00;0.00;Matches
623;Matías Melluso;ARG;DF;Gimnasia–LP;28-113;1998;3;0;54;0.6;0;0;0;0;0;0;0;0;0.00;0.00;0.00;0.00;0.00;Matches
624;Armando Méndez;URU;DF;Newell's;30-183;1996;14;14;1173;13.0;0;0;0;0;0;0;3;1;0.00;0.00;0.00;0.00;0.00;Matches
625;Mauro Méndez;URU;FW;Banfield;27-256;1999;16;16;1372;15.2;6;3;9;6;0;0;3;0;0.39;0.20;0.59;0.39;0.59;Matches
626;Mauro Méndez;URU;FW;Tigre;27-256;1999;5;4;344;3.8;1;0;1;1;0;0;2;0;0.26;0.00;0.26;0.26;0.26;Matches
627;Mateo Mendía;ARG;DF;Platense;22-239;2004;9;9;810;9.0;0;0;0;0;0;0;3;0;0.00;0.00;0.00;0.00;0.00;Matches
628;Lucas Menossi;ARG;MF;Unión;34-081;1992;13;10;928;10.3;4;1;5;4;0;0;3;0;0.39;0.10;0.48;0.39;0.48;Matches
629;Miguel Merentiel;URU;FW;Boca Juniors;30-218;1996;21;16;1332;14.8;8;2;10;8;0;0;1;0;0.54;0.14;0.68;0.54;0.68;Matches
630;Nicolás Meriano;ARG;DF;Banfield;25-325;2000;22;19;1654;18.4;0;0;0;0;0;0;5;2;0.00;0.00;0.00;0.00;0.00;Matches
631;Bautista Merlini;ARG;MF;Platense;31-088;1995;21;7;808;9.0;2;1;3;2;0;0;0;0;0.22;0.11;0.33;0.22;0.33;Matches
632;Jeremias Merlo;;MF;Gimnasia–LP;;;7;4;223;2.5;0;0;0;0;0;0;0;0;0.00;0.00;0.00;0.00;0.00;Matches
633;Eric Meza;ARG;DF;Estudiantes–LP;27-175;1999;21;19;1539;17.1;0;2;2;0;0;0;6;0;0.00;0.12;0.12;0.00;0.12;Matches
634;Juan Meza;ARG;MF;River Plate;18-200;2008;7;1;195;2.2;0;2;2;0;0;0;2;0;0.00;0.92;0.92;0.00;0.92;Matches
635;Maximiliano Meza;ARG;MF;River Plate;33-289;1992;1;1;45;0.5;0;0;0;0;0;0;0;0;0.00;0.00;0.00;0.00;0.00;Matches
636;Maximiliano Meza;ARG;MF;Independiente;33-289;1992;10;3;388;4.3;1;0;1;1;0;0;0;0;0.23;0.00;0.23;0.23;0.23;Matches
637;Sebastián Meza;ARG;GK;Huracán;26-200;2000;1;1;90;1.0;0;0;0;0;0;0;1;0;0.00;0.00;0.00;0.00;0.00;Matches
638;Juan Miguel Arrayago;ARG;DF;Independiente;17-317;2008;6;6;540;6.0;1;0;1;1;0;0;1;0;0.17;0.00;0.17;0.17;0.17;Matches
639;Matko Miljevic;USA;MF;Racing Club;25-144;2001;22;16;1165;12.9;2;1;3;2;0;0;6;1;0.15;0.08;0.23;0.15;0.23;Matches
640;Lautaro Millán;CHI;MF;Independiente;21-045;2005;21;12;1046;11.6;3;1;4;3;0;0;4;0;0.26;0.09;0.34;0.26;0.34;Matches
641;Dardo Miloc;ARG;MF;Barracas Central;35-349;1990;24;18;1737;19.3;0;0;0;0;0;0;7;0;0.00;0.00;0.00;0.00;0.00;Matches
642;Franco Minerva;ARG;MF;Platense;20-122;2006;2;0;33;0.4;0;0;0;0;0;0;0;0;0.00;0.00;0.00;0.00;0.00;Matches
643;Facundo Miño;ARG;DF;Dep. Riestra;26-349;1999;23;18;1620;18.0;0;0;0;0;0;0;9;0;0.00;0.00;0.00;0.00;0.00;Matches
644;Marcelo Miño;ARG;GK;Barracas Central;29-040;1997;21;21;1879;20.9;0;0;0;0;0;0;2;0;0.00;0.00;0.00;0.00;0.00;Matches
645;Ignacio Miramon;ARG;MF;Gimnasia–LP;23-110;2003;20;18;1519;16.9;1;0;1;1;0;0;9;0;0.06;0.00;0.06;0.06;0.06;Matches
646;Juan Miritello;ARG;FW;Defensa;27-234;1999;6;5;389;4.3;2;0;2;2;0;0;0;0;0.46;0.00;0.46;0.46;0.46;Matches
647;Agustín Módica;ARG;FW;Gimnasia–M;23-261;2003;22;19;1546;17.2;12;0;12;10;2;2;7;0;0.70;0.00;0.70;0.58;0.58;Matches
648;Tomás Molina;ARG;FW;Arg Juniors;31-171;1995;21;18;1620;18.0;4;3;7;4;0;1;4;0;0.22;0.17;0.39;0.22;0.39;Matches
649;Manuel Mónaco;ARG;MF;Sarmiento–J;24-142;2002;1;0;26;0.3;0;0;0;0;0;0;1;0;0.00;0.00;0.00;0.00;0.00;Matches
650;Diego Mondino;ARG;DF;Gimnasia–M;31-320;1994;19;17;1508;16.8;0;0;0;0;0;0;4;0;0.00;0.00;0.00;0.00;0.00;Matches
651;Pablo Monje;ARG;MF;Dep. Riestra;29-236;1997;23;17;1440;16.0;0;0;0;0;0;0;1;0;0.00;0.00;0.00;0.00;0.00;Matches
652;Lautaro Montenegro;ARG;DF;CA San Lorenzo;21-216;2005;5;5;450;5.0;0;0;0;0;0;0;2;0;0.00;0.00;0.00;0.00;0.00;Matches
653;Gonzalo Montiel;ARG;DF;River Plate;29-272;1997;23;23;2007;22.3;6;2;8;3;3;3;5;0;0.27;0.09;0.36;0.13;0.22;Matches
654;Santiago Montiel;ARG;MF,FW;Independiente;25-312;2000;21;18;1474;16.4;4;4;8;4;0;0;4;1;0.24;0.24;0.49;0.24;0.49;Matches
655;Florián Monzón;ARG;FW;Vélez Sarsfield;25-270;2001;15;14;1130;12.6;6;0;6;5;1;1;3;0;0.48;0.00;0.48;0.40;0.40;Matches
656;Lautaro Mora;ARG;MF;Huracán;20-217;2006;11;2;245;2.7;0;0;0;0;0;0;2;0;0.00;0.00;0.00;0.00;0.00;Matches
657;Agustín Morales;ARG;FW;Estudiantes–RC;27-228;1999;1;0;14;0.2;0;0;0;0;0;0;0;0;0.00;0.00;0.00;0.00;0.00;Matches
658;Iván Morales Bravo;CHI;FW;Arg Juniors;27-063;1999;14;10;816;9.1;2;1;3;2;0;0;2;0;0.22;0.11;0.33;0.22;0.33;Matches
659;Iván Morales Bravo;CHI;FW;Independiente;27-063;1999;2;0;73;0.8;0;0;0;0;0;0;0;0;0.00;0.00;0.00;0.00;0.00;Matches
660;Gonzalo Morales;ARG;FW;Barracas Central;23-210;2003;12;7;618;6.9;2;0;2;2;0;0;1;0;0.29;0.00;0.29;0.29;0.29;Matches
661;Lautaro Morales;ARG;GK;Tigre;26-288;1999;1;1;90;1.0;0;0;0;0;0;0;0;0;0.00;0.00;0.00;0.00;0.00;Matches
662;Leonardo Morales;ARG;DF;Belgrano;35-172;1991;24;24;1990;22.1;0;0;0;0;0;0;5;1;0.00;0.00;0.00;0.00;0.00;Matches
663;Matías Morello;ARG;MF,DF;Aldosivi;25-230;2001;4;2;236;2.6;0;0;0;0;0;0;1;0;0.00;0.00;0.00;0.00;0.00;Matches
664;Aníbal Moreno;ARG;MF;River Plate;27-140;1999;20;20;1749;19.4;0;2;2;0;0;0;3;0;0.00;0.10;0.10;0.00;0.10;Matches
665;Marcelino Moreno;ARG;MF;Lanús;32-097;1994;9;5;541;6.0;3;1;4;3;0;0;0;0;0.50;0.17;0.67;0.50;0.67;Matches
666;Yeison Moreno Murillo;COL;FW,MF;Estudiantes–RC;29-175;1997;6;5;302;3.4;0;0;0;0;0;0;1;0;0.00;0.00;0.00;0.00;0.00;Matches
667;Neyder Moreno;COL;MF;Banfield;29-233;1997;9;2;244;2.7;1;0;1;1;0;0;1;0;0.37;0.00;0.37;0.37;0.37;Matches
668;Valentín Moreno;ARG;DF;Tigre;23-223;2003;17;17;1391;15.5;0;1;1;0;0;0;6;0;0.00;0.06;0.06;0.00;0.06;Matches
669;Stéfano Moreyra;ARG;MF;Ind. Rivadavia;25-011;2001;7;1;134;1.5;0;0;0;0;0;0;1;0;0.00;0.00;0.00;0.00;0.00;Matches
670;Nicolás Morgantini;ARG;DF;Lanús;32-019;1994;4;2;232;2.6;0;0;0;0;0;0;0;0;0.00;0.00;0.00;0.00;0.00;Matches
671;Leonel Mosevich;ARG;DF;Instituto;29-238;1997;26;26;2340;26.0;2;0;2;2;0;0;7;0;0.08;0.00;0.08;0.08;0.08;Matches
672;Joaquín Mosqueira;ARG;MF;Unión;21-333;2004;6;5;327;3.6;1;1;2;1;0;0;0;0;0.28;0.28;0.55;0.28;0.55;Matches
673;Joaquín Mosqueira;ARG;MF;Tigre;21-333;2004;6;1;95;1.1;0;0;0;0;0;0;1;0;0.00;0.00;0.00;0.00;0.00;Matches
674;Jherson Mosquera;COL;DF;Newell's;27-012;1999;1;1;90;1.0;0;0;0;0;0;0;0;0;0.00;0.00;0.00;0.00;0.00;Matches
675;Santiago Moya;ARG;DF;Aldosivi;23-109;2003;10;8;781;8.7;1;1;2;1;0;0;2;0;0.12;0.12;0.23;0.12;0.23;Matches
676;Franco Moyano;ARG;MF;Instituto;29-017;1997;3;2;129;1.4;0;0;0;0;0;0;1;0;0.00;0.00;0.00;0.00;0.00;Matches
677;Santiago Moyano;ARG;DF;C. Córdoba–SdE;29-007;1997;24;22;1724;19.2;0;1;1;0;0;0;5;0;0.00;0.05;0.05;0.00;0.05;Matches
678;Ezequiel Muñoz;ARG;DF;Gimnasia–M;35-357;1990;23;23;2014;22.4;2;0;2;2;0;0;1;0;0.09;0.00;0.09;0.09;0.09;Matches
679;Fernando Muslera;URU;GK;Estudiantes–LP;40-106;1986;18;18;1575;17.5;0;0;0;0;0;0;1;0;0.00;0.00;0.00;0.00;0.00;Matches
680;Agustín Nadruz;URU;MF;Sarmiento–J;30-093;1996;1;0;1;0.0;0;0;0;0;0;0;0;0;0.00;0.00;0.00;0.00;0.00;Matches
681;Facundo Kalinger di Napoli;ARG;MF;Huracán;21-243;2005;14;7;694;7.7;0;1;1;0;0;0;1;0;0.00;0.13;0.13;0.00;0.13;Matches
682;Juan Nardoni;ARG;MF;Racing Club;24-078;2002;2;2;126;1.4;0;0;0;0;0;0;1;0;0.00;0.00;0.00;0.00;0.00;Matches
683;Tomás Nasif;ARG;FW;Platense;22-271;2004;12;4;526;5.8;2;1;3;2;0;0;0;0;0.34;0.17;0.51;0.34;0.51;Matches
684;Federico Navarro;ARG;MF;Rosario Central;26-205;2000;20;3;550;6.1;0;0;0;0;0;0;3;0;0.00;0.00;0.00;0.00;0.00;Matches
685;Ezequiel Naya;ARG;FW;C. Córdoba–SdE;25-057;2001;19;13;1013;11.3;2;0;2;2;0;0;1;0;0.18;0.00;0.18;0.18;0.18;Matches
686;Hugo Nervo;ARG;DF;Huracán;35-267;1991;16;9;875;9.7;1;0;1;1;0;0;1;0;0.10;0.00;0.10;0.10;0.10;Matches
687;Gabriel Neves;URU;MF;Estudiantes–LP;29-050;1997;18;10;886;9.8;0;0;0;0;0;0;2;0;0.00;0.00;0.00;0.00;0.00;Matches
688;Franco Nicola;URU;MF,FW;Atlé Tucumán;24-165;2002;23;19;1525;16.9;2;1;3;2;0;0;1;1;0.12;0.06;0.18;0.12;0.18;Matches
689;Aaron Nicolás Molinas;ARG;MF;Defensa;26-059;2000;15;15;1348;15.0;3;4;7;0;3;3;3;0;0.20;0.27;0.47;0.00;0.27;Matches
690;Fabián Noguera;ARG;DF;Newell's;33-194;1993;2;0;110;1.2;0;0;0;0;0;0;0;0;0.00;0.00;0.00;0.00;0.00;Matches
691;Santiago Núñez;ARG;DF;Estudiantes–LP;26-154;2000;18;15;1338;14.9;1;1;2;1;0;0;6;1;0.07;0.07;0.13;0.07;0.13;Matches
692;Walter Núñez;ARG;MF,FW;Newell's;23-229;2003;19;11;902;10.0;1;1;2;1;0;0;2;0;0.10;0.10;0.20;0.10;0.20;Matches
693;Tomás O'Connor;ARG;MF;Gimnasia–M;22-189;2004;9;4;388;4.3;0;2;2;0;0;0;1;0;0.00;0.46;0.46;0.00;0.46;Matches
694;Gabriel Obredor;ARG;FW;Dep. Riestra;29-267;1997;18;3;617;6.9;0;0;0;0;0;0;2;0;0.00;0.00;0.00;0.00;0.00;Matches
695;Álvaro Ocampo;ARG;DF;Belgrano;22-080;2004;7;2;296;3.3;0;0;0;0;0;0;0;0;0.00;0.00;0.00;0.00;0.00;Matches
696;Pedro Ojeda;ARG;MF;Huracán;28-329;1997;18;15;1269;14.1;0;2;2;0;0;0;2;0;0.00;0.14;0.14;0.00;0.14;Matches
697;Sergio Ojeda;ARG;DF;Estudiantes–RC;34-269;1992;15;15;1293;14.4;1;0;1;1;0;0;4;0;0.07;0.00;0.07;0.07;0.07;Matches
698;Tomás Olmos;ARG;DF;Estudiantes–RC;21-251;2005;3;2;164;1.8;0;0;0;0;0;0;1;0;0.00;0.00;0.00;0.00;0.00;Matches
699;Nicolás Omar Goitea;ARG;DF;Newell's;29-111;1997;12;11;1035;11.5;0;0;0;0;0;0;1;0;0.00;0.00;0.00;0.00;0.00;Matches
700;Renzo Orihuela;URU;DF;Sarmiento–J;25-179;2001;16;15;1395;15.5;1;0;1;1;0;0;1;0;0.06;0.00;0.06;0.06;0.06;Matches
701;Nicolás Oróz;ARG;MF;Arg Juniors;32-182;1994;25;23;1828;20.3;2;3;5;1;1;1;2;0;0.10;0.15;0.25;0.05;0.20;Matches
702;Franco Orozco;ARG;FW,MF;Newell's;24-264;2002;3;0;75;0.8;0;0;0;0;0;0;0;0;0.00;0.00;0.00;0.00;0.00;Matches
703;Francisco Ortega;ARG;DF;River Plate;27-195;1999;6;3;299;3.3;0;0;0;0;0;0;0;0;0.00;0.00;0.00;0.00;0.00;Matches
704;Martín Ortega;ARG;DF;Newell's;27-041;1999;11;8;800;8.9;0;2;2;0;0;0;2;0;0.00;0.23;0.23;0.00;0.23;Matches
705;Diego Ortegoza;CHI;MF;Racing Club;29-164;1997;10;8;644;7.2;1;2;3;1;0;0;2;0;0.14;0.28;0.42;0.14;0.42;Matches
706;Diego Ortegoza;CHI;MF;Talleres–C;29-164;1997;14;10;831;9.2;0;2;2;0;0;0;3;0;0.00;0.22;0.22;0.00;0.22;Matches
707;Kevin Ortíz;ARG;MF;Atlé Tucumán;26-012;2000;15;9;844;9.4;0;1;1;0;0;0;2;1;0.00;0.11;0.11;0.00;0.11;Matches
708;Lautaro Ortiz;ARG;MF;Talleres–C;18-257;2008;3;1;91;1.0;0;0;0;0;0;0;0;0;0.00;0.00;0.00;0.00;0.00;Matches
709;Marcos Ortiz;ARG;MF;Belgrano;17-271;2009;1;0;3;0.0;0;0;0;0;0;0;0;0;0.00;0.00;0.00;0.00;0.00;Matches
710;Tomás Ortiz;ARG;MF;Gimnasia–M;26-204;2000;2;0;40;0.4;0;0;0;0;0;0;0;0;0.00;0.00;0.00;0.00;0.00;Matches
711;Alejo Osella;ARG;DF,MF;Ind. Rivadavia;26-000;2000;19;16;1273;14.1;4;0;4;4;0;0;1;0;0.28;0.00;0.28;0.28;0.28;Matches
712;Abiel Osorio;ARG;FW;Defensa;24-109;2002;4;3;185;2.1;0;0;0;0;0;0;0;0;0.00;0.00;0.00;0.00;0.00;Matches
713;Tobías Ostchega;ARG;DF;Estudiantes–RC;28-036;1998;11;9;799;8.9;0;0;0;0;0;0;2;0;0.00;0.00;0.00;0.00;0.00;Matches
714;Nicolás Otamendi;ARG;DF;River Plate;38-230;1988;10;10;900;10.0;0;0;0;0;0;0;2;0;0.00;0.00;0.00;0.00;0.00;Matches
715;Ignacio Ovando;ARG;DF;Rosario Central;19-093;2007;21;21;1845;20.5;2;0;2;2;0;0;3;0;0.10;0.00;0.10;0.10;0.10;Matches
716;Alfio Oviedo;PAR;FW;Tigre;30-286;1995;13;3;387;4.3;1;0;1;1;0;1;3;0;0.23;0.00;0.23;0.23;0.23;Matches
717;Brandon Oviedo;ARG;DF,MF;Banfield;21-248;2005;9;9;738;8.2;0;0;0;0;0;0;0;0;0.00;0.00;0.00;0.00;0.00;Matches
718;Fabricio Oviedo;ARG;FW;Rosario Central;22-230;2004;2;1;67;0.7;0;0;0;0;0;0;0;0;0.00;0.00;0.00;0.00;0.00;Matches
719;Kendry Páez;ECU;MF,FW;River Plate;19-149;2007;8;3;317;3.5;1;0;1;1;0;0;1;0;0.28;0.00;0.28;0.28;0.28;Matches
720;Ignacio Pais;ARG;MF;Banfield;26-123;2000;19;16;1306;14.5;0;0;0;0;0;0;3;0;0.00;0.00;0.00;0.00;0.00;Matches
721;Carlos Palacios;CHI;MF;Boca Juniors;26-072;2000;3;1;140;1.6;0;1;1;0;0;0;1;0;0.00;0.64;0.64;0.00;0.64;Matches
722;Julián Palacios;ARG;MF;Unión;27-238;1999;23;23;1829;20.3;3;6;9;3;0;0;5;1;0.15;0.30;0.44;0.15;0.44;Matches
723;Tiago Palacios;URU;MF,FW;Estudiantes–LP;25-186;2001;18;11;1056;11.7;4;2;6;4;0;0;4;0;0.34;0.17;0.51;0.34;0.51;Matches
724;Tomás Palacios;ARG;DF;Estudiantes–LP;23-155;2003;17;16;1448;16.1;1;0;1;1;0;0;5;1;0.06;0.00;0.06;0.06;0.06;Matches
725;Josias Palais;ARG;MF,FW;Independiente;20-172;2006;6;4;287;3.2;0;0;0;0;0;0;0;0;0.00;0.00;0.00;0.00;0.00;Matches
726;Agustín Palavecino;ARG;MF,FW;Aldosivi;23-205;2003;19;11;1044;11.6;0;0;0;0;0;0;5;0;0.00;0.00;0.00;0.00;0.00;Matches
727;Lucas Palavecino;ARG;MF;Banfield;22-347;2003;3;0;85;0.9;0;0;0;0;0;0;0;0;0.00;0.00;0.00;0.00;0.00;Matches
728;Nicolás Palavecino;ARG;FW;Unión;23-185;2003;7;1;202;2.2;0;1;1;0;0;0;0;0;0.00;0.45;0.45;0.00;0.45;Matches
729;Máximo Palazzo;ARG;DF;Huracán;21-116;2005;16;15;1317;14.6;0;0;0;0;0;0;2;0;0.00;0.00;0.00;0.00;0.00;Matches
730;Manuel Panaro;ARG;MF,FW;Gimnasia–LP;23-276;2002;19;10;882;9.8;1;1;2;1;0;0;3;1;0.10;0.10;0.20;0.10;0.20;Matches
731;Franco Pardo;ARG;DF;Racing Club;29-178;1997;12;7;742;8.2;0;0;0;0;0;0;3;0;0.00;0.00;0.00;0.00;0.00;Matches
732;Franco Paredes;ARG;DF;Arg Juniors;27-196;1999;4;3;197;2.2;0;0;0;0;0;0;1;0;0.00;0.00;0.00;0.00;0.00;Matches
733;Leandro Paredes;ARG;MF;Boca Juniors;32-093;1994;20;15;1406;15.6;2;3;5;0;2;2;7;0;0.13;0.19;0.32;0.00;0.19;Matches
734;Luciano Paredes;ARG;DF,MF;Gimnasia–M;24-021;2002;22;17;1491;16.6;1;0;1;1;0;0;1;0;0.06;0.00;0.06;0.06;0.06;Matches
735;Nicolás Pasquini;ARG;DF,MF;Sarmiento–J;35-271;1991;8;7;608;6.8;1;0;1;1;0;0;0;0;0.15;0.00;0.15;0.15;0.15;Matches
736;Lucas Passerini;ARG;FW;Belgrano;32-076;1994;21;7;915;10.2;3;5;8;2;1;3;1;0;0.30;0.49;0.79;0.20;0.69;Matches
737;Gerónimo Patritti;ARG;DF;Gimnasia–M;23-259;2003;1;0;12;0.1;0;0;0;0;0;0;0;0;0.00;0.00;0.00;0.00;0.00;Matches
738;Ramiro Paunero;ARG;DF;Atlé Tucumán;21-200;2005;2;1;69;0.8;0;0;0;0;0;0;0;0;0.00;0.00;0.00;0.00;0.00;Matches
739;Cristian Paz;ARG;DF;Dep. Riestra;31-159;1995;25;25;2232;24.8;0;1;1;0;0;0;4;0;0.00;0.04;0.04;0.00;0.04;Matches
740;Nehuén Paz;ARG;DF;Huracán;33-155;1993;4;4;293;3.3;0;0;0;0;0;0;1;0;0.00;0.00;0.00;0.00;0.00;Matches
741;Nicolás Paz;ARG;DF;Unión;23-349;2002;1;1;65;0.7;0;0;0;0;0;0;0;0;0.00;0.00;0.00;0.00;0.00;Matches
742;Matías Pellegrini;ARG;MF;Vélez Sarsfield;26-142;2000;20;18;1456;16.2;3;5;8;3;0;0;7;0;0.19;0.31;0.49;0.19;0.49;Matches
743;Marco Pellegrino;ARG;DF;Boca Juniors;24-074;2002;11;9;832;9.2;0;0;0;0;0;0;1;0;0.00;0.00;0.00;0.00;0.00;Matches
744;Ignacio Peluffo;;DF;Tigre;;;5;1;127;1.4;0;0;0;0;0;0;1;0;0.00;0.00;0.00;0.00;0.00;Matches
745;Felipe Peña;ARG;MF;Lanús;25-178;2001;25;15;1360;15.1;3;0;3;3;0;0;2;0;0.20;0.00;0.20;0.20;0.20;Matches
746;Taiel Peralta;ARG;MF,FW;Huracán;18-009;2008;15;7;553;6.1;2;1;3;2;0;0;1;1;0.33;0.16;0.49;0.33;0.49;Matches
747;Mateo Peresutti;ARG;MF;Unión;19-285;2006;3;0;15;0.2;0;0;0;0;0;0;0;0;0.00;0.00;0.00;0.00;0.00;Matches
748;Elías Pereyra;ARG;MF,DF;Defensa;27-227;1999;11;6;558;6.2;2;0;2;2;0;0;0;0;0.32;0.00;0.32;0.32;0.32;Matches
749;Elías Pereyra;ARG;DF;Barracas Central;27-227;1999;7;4;330;3.7;0;0;0;0;0;0;1;0;0.00;0.00;0.00;0.00;0.00;Matches
750;Fabio Pereyra;ARG;DF;Huracán;36-242;1990;20;19;1674;18.6;0;0;0;0;0;0;1;0;0.00;0.00;0.00;0.00;0.00;Matches
751;Joaquín Pereyra;ARG;DF;Estudiantes–LP;21-106;2005;4;4;293;3.3;0;0;0;0;0;0;2;0;0.00;0.00;0.00;0.00;0.00;Matches
752;Lautaro Pereyra;ARG;MF;River Plate;18-186;2008;8;2;176;2.0;0;0;0;0;0;0;0;0;0.00;0.00;0.00;0.00;0.00;Matches
753;Benjamín Pérez;ARG;MF;Dep. Riestra;20-119;2006;1;0;20;0.2;0;0;0;0;0;0;0;0;0.00;0.00;0.00;0.00;0.00;Matches
754;César Pérez;CHI;MF;Defensa;23-305;2002;13;11;1027;11.4;1;3;4;1;0;0;4;0;0.09;0.26;0.35;0.09;0.35;Matches
755;Enzo Pérez;ARG;MF;Arg Juniors;40-220;1986;5;1;111;1.2;0;0;0;0;0;0;0;0;0.00;0.00;0.00;0.00;0.00;Matches
756;Ezequiel Pérez;ARG;MF;Racing Club;18-130;2008;1;0;7;0.1;0;0;0;0;0;0;0;0;0.00;0.00;0.00;0.00;0.00;Matches
757;Fabricio Pérez;ARG;MF;Estudiantes–LP;20-297;2005;22;16;1174;13.0;3;0;3;3;0;0;3;0;0.23;0.00;0.23;0.23;0.23;Matches
758;Gonzalo Pérez;URU;DF,MF;Lanús;25-269;2001;13;7;714;7.9;0;1;1;0;0;0;2;0;0.00;0.13;0.13;0.00;0.13;Matches
759;Juan Pérez;COL;MF;Gimnasia–LP;22-067;2004;4;1;126;1.4;0;0;0;0;0;0;0;0;0.00;0.00;0.00;0.00;0.00;Matches
760;Leonel Pérez;ARG;MF;Racing Club;22-052;2004;6;5;467;5.2;1;0;1;1;0;0;2;0;0.19;0.00;0.19;0.19;0.19;Matches
761;Mateo Pérez;ARG;MF;Independiente;20-249;2006;17;14;1101;12.2;0;1;1;0;0;0;2;0;0.00;0.08;0.08;0.00;0.08;Matches
762;Matías Pérez;ARG;DF;Racing Club;27-211;1999;2;2;180;2.0;0;0;0;0;0;0;1;0;0.00;0.00;0.00;0.00;0.00;Matches
763;Tomás Pérez;ARG;FW;Racing Club;20-156;2006;2;0;52;0.6;0;0;0;0;0;0;0;0;0.00;0.00;0.00;0.00;0.00;Matches
764;Tomás Pérez;ARG;FW;Defensa;20-156;2006;5;0;58;0.6;1;0;1;1;0;0;0;0;1.55;0.00;1.55;1.55;1.55;Matches
765;Tiziano Perrotta;ARG;MF,FW;Defensa;19-309;2006;5;3;267;3.0;0;0;0;0;0;0;0;0;0.00;0.00;0.00;0.00;0.00;Matches
766;Tiziano Perrotta;ARG;FW;Banfield;19-309;2006;17;15;1177;13.1;6;1;7;6;0;0;1;0;0.46;0.08;0.54;0.46;0.54;Matches
767;Francisco Perruzzi;ARG;MF;CA San Lorenzo;25-028;2001;4;0;33;0.4;0;0;0;0;0;0;0;0;0.00;0.00;0.00;0.00;0.00;Matches
768;Francisco Perruzzi;ARG;MF;Aldosivi;25-028;2001;5;0;109;1.2;0;0;0;0;0;0;1;0;0.00;0.00;0.00;0.00;0.00;Matches
769;Ignacio Perruzzi;ARG;MF;CA San Lorenzo;21-178;2005;18;14;1167;13.0;0;0;0;0;0;0;5;0;0.00;0.00;0.00;0.00;0.00;Matches
770;Franco Petroli;ARG;GK;Lanús;28-111;1998;2;2;180;2.0;0;0;0;0;0;0;0;0;0.00;0.00;0.00;0.00;0.00;Matches
771;Lautaro Petruchi;ARG;GK;Gimnasia–M;28-029;1998;2;2;180;2.0;0;0;0;0;0;0;2;0;0.00;0.00;0.00;0.00;0.00;Matches
772;Germán Pezzella;ARG;DF;River Plate;35-095;1991;2;1;135;1.5;0;0;0;0;0;0;0;0;0.00;0.00;0.00;0.00;0.00;Matches
773;Valente Pierani;ARG;DF;Estudiantes–LP;20-220;2006;3;3;194;2.2;0;0;0;0;0;0;1;0;0.00;0.00;0.00;0.00;0.00;Matches
774;Bautista Pieroni;ARG;DF;Estudiantes–RC;18-069;2008;1;0;8;0.1;0;0;0;0;0;0;0;0;0.00;0.00;0.00;0.00;0.00;Matches
775;Juan Pignani;ARG;DF;C. Córdoba–SdE;25-090;2001;8;7;602;6.7;0;0;0;0;0;0;2;1;0.00;0.00;0.00;0.00;0.00;Matches
776;Facundo Pimienta;ARG;FW;Atlé Tucumán;23-075;2003;1;0;10;0.1;0;0;0;0;0;0;0;0;0.00;0.00;0.00;0.00;0.00;Matches
777;Gonzalo Piñeiro;ARG;MF;Tigre;25-362;2000;7;4;319;3.5;0;0;0;0;0;0;3;0;0.00;0.00;0.00;0.00;0.00;Matches
778;Lisandro Piñero;ARG;MF;Banfield;19-077;2007;20;6;693;7.7;0;1;1;0;0;0;3;0;0.00;0.13;0.13;0.00;0.13;Matches
779;Juan Pintado;URU;DF;Unión;32-064;1994;9;5;548;6.1;0;1;1;0;0;0;1;0;0.00;0.16;0.16;0.00;0.16;Matches
780;Lautaro Piola;ARG;FW;Vélez Sarsfield;18-240;2008;1;0;1;0.0;0;0;0;0;0;0;0;0;0.00;0.00;0.00;0.00;0.00;Matches
781;Lucas Piovi;ARG;MF;Estudiantes–LP;34-041;1992;22;21;1727;19.2;1;1;2;1;0;0;5;0;0.05;0.05;0.10;0.05;0.10;Matches
782;Bruno Pittón;ARG;DF;Unión;33-241;1993;17;5;537;6.0;0;1;1;0;0;0;0;0;0.00;0.17;0.17;0.00;0.17;Matches
783;Mauro Pittón;ARG;MF;Unión;32-053;1994;16;16;1399;15.5;0;0;0;0;0;0;5;0;0.00;0.00;0.00;0.00;0.00;Matches
784;Damián Pizarro;CHI;FW;Racing Club;21-186;2005;2;2;115;1.3;0;1;1;0;0;0;0;0;0.00;0.78;0.78;0.00;0.78;Matches
785;Vicente Pizarro;CHI;MF;Rosario Central;23-329;2002;25;25;2013;22.4;1;2;3;1;0;0;3;0;0.04;0.09;0.13;0.04;0.13;Matches
786;Joaquín Pombo;ARG;DF;Aldosivi;25-196;2001;10;9;855;9.5;1;0;1;1;0;0;2;0;0.11;0.00;0.11;0.11;0.11;Matches
787;Diego Porcel;ARG;MF,FW;Arg Juniors;21-252;2005;22;6;653;7.3;1;0;1;1;0;0;4;1;0.14;0.00;0.14;0.14;0.14;Matches
788;Maximiliano Porcel;ARG;MF;Defensa;20-271;2006;6;0;106;1.2;0;0;0;0;0;0;0;0;0.00;0.00;0.00;0.00;0.00;Matches
789;Tomás Porra;ARG;MF;Barracas Central;22-264;2004;25;24;2003;22.3;1;4;5;1;0;0;5;0;0.04;0.18;0.22;0.04;0.22;Matches
790;Ayrton Portillo;ARG;MF,DF;Defensa;26-043;2000;16;13;1129;12.5;3;1;4;3;0;0;5;0;0.24;0.08;0.32;0.24;0.32;Matches
791;Juan Portillo;ARG;DF,MF;River Plate;26-135;2000;1;0;16;0.2;0;0;0;0;0;0;0;0;0.00;0.00;0.00;0.00;0.00;Matches
792;Sebastián Prieto;ARG;DF;Arg Juniors;33-174;1993;23;22;1774;19.7;2;2;4;2;0;0;6;1;0.10;0.10;0.20;0.10;0.20;Matches
793;Rafael Profini;ARG;MF;Unión;23-021;2003;16;16;1322;14.7;1;5;6;1;0;0;1;0;0.07;0.34;0.41;0.07;0.41;Matches
794;Maximiliano Puig;ARG;MF;Barracas Central;26-012;2000;4;0;40;0.4;0;0;0;0;0;0;0;0;0.00;0.00;0.00;0.00;0.00;Matches
795;Ignacio Pussetto;ARG;FW;Huracán;30-283;1995;4;2;206;2.3;1;0;1;0;1;1;1;0;0.44;0.00;0.44;0.00;0.00;Matches
796;Ignacio Pussetto;ARG;MF;Independiente;30-283;1995;10;5;417;4.6;1;0;1;1;0;0;1;0;0.22;0.00;0.22;0.22;0.22;Matches
797;Carlos Quintana;ARG;DF;Dep. Riestra;38-231;1988;6;6;495;5.5;0;1;1;0;0;0;3;0;0.00;0.18;0.18;0.00;0.18;Matches
798;Carlos Quintana;ARG;DF;Rosario Central;38-231;1988;4;2;238;2.6;0;1;1;0;0;0;1;0;0.00;0.38;0.38;0.00;0.38;Matches
799;Juan Quintero;COL;MF;River Plate;33-255;1993;12;6;549;6.1;2;2;4;2;0;1;0;0;0.33;0.33;0.66;0.33;0.66;Matches
800;Agustin Quiroga;ARG;DF;Estudiantes–RC;24-177;2002;4;4;360;4.0;0;0;0;0;0;0;1;0;0.00;0.00;0.00;0.00;0.00;Matches
801;Agustin Quiroga;ARG;DF;C. Córdoba–SdE;24-177;2002;13;9;802;8.9;0;0;0;0;0;0;3;0;0.00;0.00;0.00;0.00;0.00;Matches
802;Aaron Quirós;ARG;DF;Vélez Sarsfield;24-334;2001;7;4;382;4.2;0;0;0;0;0;0;1;0;0.00;0.00;0.00;0.00;0.00;Matches
803;Santiago Quiros;ARG;DF;Platense;23-210;2003;2;1;116;1.3;0;0;0;0;0;0;0;0;0.00;0.00;0.00;0.00;0.00;Matches
804;Luca Rafaelli;;MF;Instituto;;;9;1;247;2.7;1;1;2;1;0;0;2;0;0.36;0.36;0.73;0.36;0.73;Matches
805;Luca Raffin;PAR;DF;Rosario Central;20-260;2006;8;2;215;2.4;0;0;0;0;0;0;0;0;0.00;0.00;0.00;0.00;0.00;Matches
806;Eugenio Raggio;ARG;DF;Platense;25-030;2001;8;8;720;8.0;0;0;0;0;0;0;2;0;0.00;0.00;0.00;0.00;0.00;Matches
807;Yonatthan Rak;URU;DF;Barracas Central;33-043;1993;12;10;842;9.4;0;0;0;0;0;0;0;0;0.00;0.00;0.00;0.00;0.00;Matches
808;Eric Ramírez;ARG;MF;Huracán;30-009;1996;9;1;149;1.7;0;1;1;0;0;0;1;0;0.00;0.60;0.60;0.00;0.60;Matches
809;Eric Ramírez;ARG;FW,MF;Unión;30-009;1996;8;0;124;1.4;2;0;2;2;0;0;0;0;1.45;0.00;1.45;1.45;1.45;Matches
810;Mateo Ramírez;ARG;MF;Dep. Riestra;31-255;1995;1;0;16;0.2;0;0;0;0;0;0;1;0;0.00;0.00;0.00;0.00;0.00;Matches
811;Pedro Ramírez;ARG;DF,MF;Dep. Riestra;26-179;2000;17;14;1238;13.8;1;0;1;1;0;0;3;0;0.07;0.00;0.07;0.07;0.07;Matches
812;Tobías Ramírez;ARG;DF;Arg Juniors;19-323;2006;1;1;90;1.0;0;0;0;0;0;0;1;0;0.00;0.00;0.00;0.00;0.00;Matches
813;Tobías Ramírez;ARG;DF;River Plate;19-323;2006;1;1;45;0.5;0;0;0;0;0;0;1;0;0.00;0.00;0.00;0.00;0.00;Matches
814;Victorio Ramis;ARG;FW;Ind. Rivadavia;32-085;1994;5;1;65;0.7;0;0;0;0;0;0;0;0;0.00;0.00;0.00;0.00;0.00;Matches
815;Luciano Ramón Herrera;ARG;MF,FW;Newell's;30-122;1996;16;10;833;9.3;0;1;1;0;0;0;4;0;0.00;0.11;0.11;0.00;0.11;Matches
816;Lucas Ramos;ARG;MF;Rosario Central;20-260;2006;2;1;94;1.0;0;0;0;0;0;0;0;0;0.00;0.00;0.00;0.00;0.00;Matches
817;Juan Randazzo;ARG;DF;Dep. Riestra;31-354;1994;12;10;932;10.4;0;0;0;0;0;0;3;0;0.00;0.00;0.00;0.00;0.00;Matches
818;Juan Rattalino;ARG;MF;CA San Lorenzo;22-250;2004;10;1;319;3.5;0;0;0;0;0;0;0;0;0.00;0.00;0.00;0.00;0.00;Matches
819;Matías Reali;ARG;MF,FW;CA San Lorenzo;28-320;1997;14;8;748;8.3;0;1;1;0;0;0;2;0;0.00;0.12;0.12;0.00;0.12;Matches
820;Matías Recalde;ARG;DF;Gimnasia–M;29-083;1997;21;13;1358;15.1;0;0;0;0;0;0;3;0;0.00;0.00;0.00;0.00;0.00;Matches
821;Luca Regiardo;ARG;MF;Newell's;19-342;2006;21;21;1858;20.6;1;0;1;1;0;0;8;0;0.05;0.00;0.05;0.05;0.05;Matches
822;Josue Reinatti;ARG;GK;Newell's;23-120;2003;15;15;1350;15.0;0;0;0;0;0;0;0;0;0.00;0.00;0.00;0.00;0.00;Matches
823;Jhon Rentería;COL;MF,FW;Sarmiento–J;20-341;2005;10;4;443;4.9;0;1;1;0;0;0;3;0;0.00;0.20;0.20;0.00;0.20;Matches
824;Gonzalo Requena;ARG;DF;Tigre;23-210;2003;2;1;82;0.9;0;0;0;0;0;0;2;1;0.00;0.00;0.00;0.00;0.00;Matches
825;Kevin Retamar;ARG;MF,FW;Platense;27-236;1999;21;14;1198;13.3;3;2;5;3;0;0;0;0;0.23;0.15;0.38;0.23;0.38;Matches
826;Camilo Rey;ARG;MF;Boca Juniors;20-204;2006;7;4;322;3.6;0;0;0;0;0;0;0;0;0.00;0.00;0.00;0.00;0.00;Matches
827;Rodrigo Rey;ARG;GK;Independiente;35-206;1991;26;26;2340;26.0;0;0;0;0;0;0;2;0;0.00;0.00;0.00;0.00;0.00;Matches
828;Federico Ricca;URU;DF;Belgrano;31-303;1994;11;11;816;9.1;0;0;0;0;0;0;1;1;0.00;0.00;0.00;0.00;0.00;Matches
829;Rick;BRA;MF,FW;Talleres–C;27-028;1999;24;19;1607;17.9;4;2;6;4;0;0;5;0;0.22;0.11;0.34;0.22;0.34;Matches
830;Alessandro Riep;ARG;DF;Ind. Rivadavia;23-089;2003;4;2;236;2.6;0;0;0;0;0;0;1;0;0.00;0.00;0.00;0.00;0.00;Matches
831;César Rigamonti;ARG;GK;Gimnasia–M;39-176;1987;24;24;2160;24.0;0;0;0;0;0;0;2;0;0.00;0.00;0.00;0.00;0.00;Matches
832;Emiliano Rigoni;ARG;MF;Belgrano;33-238;1993;23;23;1806;20.1;2;2;4;2;0;0;1;1;0.10;0.10;0.20;0.10;0.20;Matches
833;Martín Río;ARG;MF;CA San Lorenzo;25-200;2001;2;1;79;0.9;0;0;0;0;0;0;0;0;0.00;0.00;0.00;0.00;0.00;Matches
834;Martín Río;ARG;MF;Talleres–C;25-200;2001;9;1;159;1.8;1;0;1;1;0;0;1;0;0.57;0.00;0.57;0.57;0.57;Matches
835;Gonzalo Ríos;ARG;MF;Ind. Rivadavia;27-246;1999;25;16;1251;13.9;3;3;6;3;0;0;2;0;0.22;0.22;0.43;0.22;0.43;Matches
836;Lautaro Rios;ARG;MF;Newell's;20-008;2006;7;5;415;4.6;0;1;1;0;0;0;0;0;0.00;0.22;0.22;0.00;0.22;Matches
837;Lautaro Ríos;ARG;MF;Banfield;25-356;2000;5;2;301;3.3;0;0;0;0;0;0;1;0;0.00;0.00;0.00;0.00;0.00;Matches
838;Leonardo Rios;ARG;DF;Rosario Central;19-325;2006;1;0;24;0.3;0;0;0;0;0;0;0;0;0.00;0.00;0.00;0.00;0.00;Matches
839;Román Riquelme;ARG;DF;Talleres–C;24-135;2002;6;6;511;5.7;0;0;0;0;0;0;3;2;0.00;0.00;0.00;0.00;0.00;Matches
840;Román Riquelme;ARG;DF;Arg Juniors;24-135;2002;10;10;900;10.0;1;0;1;1;0;0;4;0;0.10;0.00;0.10;0.10;0.10;Matches
841;Gabriel Risso Patrón;ARG;DF;Newell's;30-329;1995;4;3;285;3.2;0;0;0;0;0;0;0;0;0.00;0.00;0.00;0.00;0.00;Matches
842;Marco Rivas;PER;MF;Tigre;18-138;2008;1;0;16;0.2;0;0;0;0;0;0;0;0;0.00;0.00;0.00;0.00;0.00;Matches
843;Joaquín Rivero;ARG;FW;Estudiantes–RC;21-294;2004;1;0;7;0.1;0;0;0;0;0;0;0;0;0.00;0.00;0.00;0.00;0.00;Matches
844;Lautaro Rivero;ARG;DF;River Plate;22-333;2003;17;15;1330;14.8;1;0;1;1;0;0;7;0;0.07;0.00;0.07;0.07;0.07;Matches
845;Lucas Robertone;ARG;MF;Vélez Sarsfield;29-196;1997;24;16;1407;15.6;1;1;2;1;0;0;8;1;0.06;0.06;0.13;0.06;0.13;Matches
846;Matías Rocha;URU;DF;Unión;25-229;2001;2;1;91;1.0;0;0;0;0;0;0;0;0;0.00;0.00;0.00;0.00;0.00;Matches
847;Alan Rodríguez;URU;MF,FW;Rosario Central;26-248;2000;5;5;343;3.8;1;0;1;1;0;0;1;0;0.26;0.00;0.26;0.26;0.26;Matches
848;Baltasar Rodríguez;ARG;MF;Racing Club;23-083;2003;13;7;588;6.5;0;1;1;0;0;0;6;0;0.00;0.15;0.15;0.00;0.15;Matches
849;Baltasar Rodríguez;ARG;MF;Estudiantes–LP;23-083;2003;4;3;262;2.9;0;0;0;0;0;0;0;0;0.00;0.00;0.00;0.00;0.00;Matches
850;Federico Rodriguez;;MF;C. Córdoba–SdE;;;1;0;4;0.0;0;0;0;0;0;0;0;0;0.00;0.00;0.00;0.00;0.00;Matches
851;Fernando Rodríguez;ARG;MF;Estudiantes–RC;25-360;2000;7;6;506;5.6;0;0;0;0;0;0;3;0;0.00;0.00;0.00;0.00;0.00;Matches
852;Gregorio Rodríguez;ARG;MF,FW;CA San Lorenzo;26-256;2000;13;6;564;6.3;2;1;3;2;0;0;0;0;0.32;0.16;0.48;0.32;0.48;Matches
853;Ignacio Rodríguez;ARG;DF;Racing Club;24-220;2002;10;8;744;8.3;1;0;1;1;0;0;2;0;0.12;0.00;0.12;0.12;0.12;Matches
854;Lucas Rodríguez;ARG;DF,MF;Aldosivi;33-003;1993;11;8;721;8.0;0;1;1;0;0;0;0;0;0.00;0.12;0.12;0.00;0.12;Matches
855;Maizon Rodríguez;URU;DF;Unión;23-131;2003;21;21;1820;20.2;1;0;1;1;0;0;3;0;0.05;0.00;0.05;0.05;0.05;Matches
856;Máximo Rodríguez;ARG;DF;Defensa;21-237;2005;3;3;211;2.3;0;0;0;0;0;0;0;0;0.00;0.00;0.00;0.00;0.00;Matches
857;Santiago Rodriguez;ARG;FW;Gimnasia–M;29-038;1997;14;8;662;7.4;1;1;2;1;0;0;1;0;0.14;0.14;0.27;0.14;0.27;Matches
858;Teo Rodríguez;ARG;DF,MF;CA San Lorenzo;20-353;2005;15;10;1028;11.4;0;0;0;0;0;0;1;0;0.00;0.00;0.00;0.00;0.00;Matches
859;Thomas Rodríguez;CHI;MF;Banfield;30-178;1996;2;0;18;0.2;0;0;0;0;0;0;0;0;0.00;0.00;0.00;0.00;0.00;Matches
860;Manuel Roffo;ARG;GK;Instituto;26-179;2000;16;16;1440;16.0;0;0;0;0;0;0;1;0;0.00;0.00;0.00;0.00;0.00;Matches
861;Gabriel Rojas;ARG;DF,MF;Racing Club;29-100;1997;12;12;1080;12.0;1;3;4;1;0;0;2;0;0.08;0.25;0.33;0.08;0.33;Matches
862;Marcos Rojo;ARG;DF;Racing Club;36-194;1990;15;14;1179;13.1;1;1;2;0;1;1;5;1;0.08;0.08;0.15;0.00;0.08;Matches
863;Esteban Rolón;ARG;MF;Aldosivi;31-189;1995;14;11;836;9.3;0;0;0;0;0;0;6;0;0.00;0.00;0.00;0.00;0.00;Matches
864;Esteban Rolón;ARG;MF;Barracas Central;31-189;1995;4;3;219;2.4;0;0;0;0;0;0;0;0;0.00;0.00;0.00;0.00;0.00;Matches
865;Fernando Román;PAR;DF;Aldosivi;27-314;1998;15;11;1030;11.4;0;1;1;0;0;0;3;0;0.00;0.09;0.09;0.00;0.09;Matches
866;Fernando Román;PAR;DF;Defensa;27-314;1998;10;7;667;7.4;1;0;1;1;0;0;3;0;0.13;0.00;0.13;0.13;0.13;Matches
867;Pocho Román;ITA;FW;Atlé Tucumán;22-232;2004;1;0;7;0.1;0;0;0;0;0;0;0;0;0.00;0.00;0.00;0.00;0.00;Matches
868;Jhohan Romaña;COL;DF;CA San Lorenzo;28-017;1998;14;14;1215;13.5;0;0;0;0;0;0;4;0;0.00;0.00;0.00;0.00;0.00;Matches
869;Nicolás Romano;ARG;FW;Gimnasia–M;26-329;1999;1;0;22;0.2;0;0;0;0;0;0;0;0;0.00;0.00;0.00;0.00;0.00;Matches
870;Ángel Romero;PAR;MF,FW;Boca Juniors;34-088;1992;11;5;482;5.4;2;0;2;2;0;0;0;0;0.37;0.00;0.37;0.37;0.37;Matches
871;Braian Romero;ARG;FW;Vélez Sarsfield;35-107;1991;10;2;299;3.3;1;0;1;0;1;1;3;0;0.30;0.00;0.30;0.00;0.00;Matches
872;Francisco Romero;ARG;MF;Estudiantes–RC;27-206;1999;15;13;1160;12.9;0;0;0;0;0;0;1;0;0.00;0.00;0.00;0.00;0.00;Matches
873;José Romero;ARG;FW;Tigre;23-189;2003;12;10;793;8.8;7;2;9;7;0;0;1;0;0.79;0.23;1.02;0.79;1.02;Matches
874;Juan Romero;PAR;FW,MF;Instituto;25-148;2001;1;0;14;0.2;0;0;0;0;0;0;0;0;0.00;0.00;0.00;0.00;0.00;Matches
875;Luciano Romero;ARG;DF;Lanús;20-270;2006;1;1;79;0.9;0;0;0;0;0;0;0;0;0.00;0.00;0.00;0.00;0.00;Matches
876;Óscar Romero;PAR;MF;Huracán;34-088;1992;15;7;671;7.5;0;0;0;0;0;0;1;0;0.00;0.00;0.00;0.00;0.00;Matches
877;Siro Rosane;ARG;MF;Estudiantes–RC;26-115;2000;22;10;990;11.0;0;1;1;0;0;0;1;0;0.00;0.09;0.09;0.00;0.09;Matches
878;Nazareno Roselli;ARG;MF;Defensa;20-052;2006;4;0;28;0.3;0;0;0;0;0;0;1;0;0.00;0.00;0.00;0.00;0.00;Matches
879;Marco Ruben;ARG;FW;Rosario Central;39-339;1986;2;1;97;1.1;0;0;0;0;0;0;0;0;0.00;0.00;0.00;0.00;0.00;Matches
880;Agustín Ruberto;ARG;FW;River Plate;20-259;2006;4;2;169;1.9;0;0;0;0;0;0;1;0;0.00;0.00;0.00;0.00;0.00;Matches
881;Tobías Rubio;ARG;DF;Racing Club;22-065;2004;2;0;29;0.3;0;0;0;0;0;0;1;0;0.00;0.00;0.00;0.00;0.00;Matches
882;Matías Ruíz Díaz;ARG;DF;Estudiantes–RC;30-021;1996;3;3;270;3.0;0;0;0;0;0;0;0;0;0.00;0.00;0.00;0.00;0.00;Matches
883;Ramiro Ruiz;ARG;MF,FW;Atlé Tucumán;26-193;2000;14;4;525;5.8;1;1;2;1;0;0;0;0;0.17;0.17;0.34;0.17;0.34;Matches
884;Ignacio Russo;ARG;FW;Tigre;25-291;2000;26;24;2185;24.3;8;3;11;8;0;0;4;0;0.33;0.12;0.45;0.33;0.45;Matches
885;Jerónimo Russo;ARG;DF;Newell's;21-123;2005;21;13;1279;14.2;1;2;3;1;0;0;5;1;0.07;0.14;0.21;0.07;0.21;Matches
886;Franco Saavedra;ARG;DF;Gimnasia–M;23-028;2003;13;13;1024;11.4;0;1;1;0;0;0;2;2;0.00;0.09;0.09;0.00;0.09;Matches
887;Luciano Sábato;ARG;FW;Ind. Rivadavia;18-127;2008;2;1;85;0.9;0;0;0;0;0;0;2;0;0.00;0.00;0.00;0.00;0.00;Matches
888;Juan Saborido;ARG;DF;Platense;28-158;1998;22;20;1778;19.8;0;0;0;0;0;0;1;0;0.00;0.00;0.00;0.00;0.00;Matches
889;Enzo Salas;ARG;FW;CA San Lorenzo;19-343;2006;3;0;47;0.5;0;0;0;0;0;0;1;0;0.00;0.00;0.00;0.00;0.00;Matches
890;Maximiliano Salas;ARG;FW;River Plate;28-303;1997;12;2;392;4.4;1;0;1;1;0;0;2;0;0.23;0.00;0.23;0.23;0.23;Matches
891;Maximiliano Salas;ARG;FW;Ind. Rivadavia;28-303;1997;6;4;374;4.2;0;0;0;0;0;0;2;0;0.00;0.00;0.00;0.00;0.00;Matches
892;Saúl Salcedo;PAR;DF;Newell's;29-032;1997;14;14;1260;14.0;0;0;0;0;0;0;4;0;0.00;0.00;0.00;0.00;0.00;Matches
893;Santiago Salle;ARG;MF,DF;Sarmiento–J;22-118;2004;25;20;1705;18.9;0;1;1;0;0;0;9;0;0.00;0.05;0.05;0.00;0.05;Matches
894;Oscar Salomón;ARG;DF;Newell's;27-192;1999;10;7;513;5.7;2;0;2;2;0;0;2;0;0.35;0.00;0.35;0.35;0.35;Matches
895;Eduardo Salvio;ARG;MF;Lanús;36-079;1990;25;20;1699;18.9;2;6;8;1;1;1;0;0;0.11;0.32;0.42;0.05;0.37;Matches
896;Matías Salvo;ARG;DF;Ind. Rivadavia;21-323;2004;1;0;7;0.1;0;0;0;0;0;0;0;0;0.00;0.00;0.00;0.00;0.00;Matches
897;Adrián Sánchez;ARG;MF;Belgrano;27-139;1999;22;22;1864;20.7;0;1;1;0;0;0;4;1;0.00;0.05;0.05;0.00;0.05;Matches
898;Brían Sánchez;ARG;MF;Dep. Riestra;33-111;1993;7;6;417;4.6;1;0;1;1;0;0;0;0;0.22;0.00;0.22;0.22;0.22;Matches
899;Facundo Sánchez;ARG;MF;Lanús;21-054;2005;4;3;192;2.1;0;0;0;0;0;0;0;0;0.00;0.00;0.00;0.00;0.00;Matches
900;Ulises Sánchez;ARG;MF;Gimnasia–M;28-096;1998;17;12;916;10.2;0;0;0;0;0;0;3;0;0.00;0.00;0.00;0.00;0.00;Matches
901;Agustín Sández;PAR;DF;Rosario Central;25-257;2001;20;18;1408;15.6;0;1;1;0;0;0;7;0;0.00;0.06;0.06;0.00;0.06;Matches
902;Facundo Sanguinetti;ARG;GK;Banfield;25-213;2001;20;20;1800;20.0;0;0;0;0;0;0;0;0;0.00;0.00;0.00;0.00;0.00;Matches
903;Nicolás Sansotre;ARG;DF;Dep. Riestra;33-022;1993;23;23;2024;22.5;0;1;1;0;0;0;1;0;0.00;0.04;0.04;0.00;0.04;Matches
904;Thiago Santamaría;ARG;DF;Sarmiento–J;23-179;2003;16;13;1011;11.2;0;1;1;0;0;0;3;0;0.00;0.09;0.09;0.00;0.09;Matches
905;Gino Santilli;ARG;GK;Banfield;24-339;2001;2;2;180;2.0;0;0;0;0;0;0;0;0;0.00;0.00;0.00;0.00;0.00;Matches
906;Michael Santos;URU;FW;Vélez Sarsfield;33-201;1993;1;0;5;0.1;0;0;0;0;0;0;0;0;0.00;0.00;0.00;0.00;0.00;Matches
907;Michael Santos;URU;FW;C. Córdoba–SdE;33-201;1993;19;17;1512;16.8;7;2;9;5;2;2;1;0;0.42;0.12;0.54;0.30;0.42;Matches
908;Jabes Saralegui;ARG;MF;Tigre;23-171;2003;18;16;1202;13.4;0;3;3;0;0;0;1;1;0.00;0.22;0.22;0.00;0.22;Matches
909;Fabrizio Sartori;ARG;FW,MF;Ind. Rivadavia;24-077;2002;23;21;1606;17.8;7;0;7;7;0;0;2;0;0.39;0.00;0.39;0.39;0.39;Matches
910;Matías Satas;ARG;DF;Boca Juniors;18-214;2008;2;1;91;1.0;0;0;0;0;0;0;0;0;0.00;0.00;0.00;0.00;0.00;Matches
911;Rodrigo Sayavedra;ARG;DF;Dep. Riestra;31-071;1995;5;1;147;1.6;0;0;0;0;0;0;1;0;0.00;0.00;0.00;0.00;0.00;Matches
912;Francisco Scarpeccio;ARG;FW;Newell's;20-251;2006;12;1;278;3.1;1;0;1;1;0;0;1;0;0.32;0.00;0.32;0.32;0.32;Matches
913;Nicolas Schelotto;ARG;MF;Gimnasia–LP;20-008;2006;21;20;1406;15.6;3;4;7;3;0;0;5;0;0.19;0.26;0.45;0.19;0.45;Matches
914;Augusto Schott;ARG;DF;Talleres–C;26-256;2000;25;24;2136;23.7;3;0;3;3;0;0;7;0;0.13;0.00;0.13;0.13;0.13;Matches
915;Alexis Segovia;ARG;MF;Atlé Tucumán;22-107;2004;7;0;102;1.1;0;0;0;0;0;0;0;0;0.00;0.00;0.00;0.00;0.00;Matches
916;Santiago Segovia;ARG;MF;Rosario Central;19-188;2007;2;1;76;0.8;0;0;0;0;0;0;0;0;0.00;0.00;0.00;0.00;0.00;Matches
917;Mateo Seoane;ARG;MF;Gimnasia–LP;22-233;2004;13;10;854;9.5;0;0;0;0;0;0;3;0;0.00;0.00;0.00;0.00;0.00;Matches
918;Bruno Sepúlveda;ARG;FW;Banfield;34-013;1992;17;5;579;6.4;4;1;5;2;2;2;2;0;0.62;0.16;0.78;0.31;0.47;Matches
919;Bruno Sepúlveda;ARG;FW;Platense;34-013;1992;2;1;106;1.2;0;0;0;0;0;0;0;0;0.00;0.00;0.00;0.00;0.00;Matches
920;Matías Sepúlveda;CHI;MF;Lanús;27-202;1999;21;9;884;9.8;0;2;2;0;0;0;4;0;0.00;0.20;0.20;0.00;0.20;Matches
921;Leonardo Sequeira;ARG;FW,MF;Huracán;31-157;1995;10;0;115;1.3;0;0;0;0;0;0;0;0;0.00;0.00;0.00;0.00;0.00;Matches
922;Leonardo Sequeira;ARG;FW,MF;C. Córdoba–SdE;31-157;1995;6;3;328;3.6;1;2;3;0;1;1;2;0;0.27;0.55;0.82;0.00;0.55;Matches
923;Luis Sequeira;ARG;MF;Ind. Rivadavia;23-265;2003;8;1;242;2.7;0;0;0;0;0;0;0;0;0.00;0.00;0.00;0.00;0.00;Matches
924;Tiago Serrago;ARG;MF;Tigre;22-237;2004;20;10;987;11.0;1;0;1;1;0;0;1;0;0.09;0.00;0.09;0.09;0.09;Matches
925;Agustín Seyral;ARG;DF;Sarmiento–J;21-242;2005;11;8;720;8.0;0;0;0;0;0;0;2;0;0.00;0.00;0.00;0.00;0.00;Matches
926;Juan Sforza;ARG;MF;Talleres–C;24-228;2002;19;13;1283;14.3;0;0;0;0;0;0;5;0;0.00;0.00;0.00;0.00;0.00;Matches
927;Leonardo Sigali;ARG;DF;Aldosivi;39-124;1987;4;3;291;3.2;0;0;0;0;0;0;1;0;0.00;0.00;0.00;0.00;0.00;Matches
928;Tomás Silva;ARG;DF;Platense;23-206;2003;21;21;1800;20.0;0;0;0;0;0;0;4;0;0.00;0.00;0.00;0.00;0.00;Matches
929;Pedro Silva Torrejón;ARG;DF;Gimnasia–LP;29-248;1997;26;26;2245;24.9;1;3;4;1;0;0;1;0;0.04;0.12;0.16;0.04;0.16;Matches
930;Thiago Silvero;ARG;DF;Vélez Sarsfield;20-165;2006;14;12;1096;12.2;1;1;2;1;0;0;4;0;0.08;0.08;0.16;0.08;0.16;Matches
931;Valentino Simoni;ARG;FW;Gimnasia–M;22-153;2004;17;8;635;7.1;1;0;1;1;0;0;1;0;0.14;0.00;0.14;0.14;0.14;Matches
932;Mauro Smarra Vargas;ARG;FW;Dep. Riestra;27-153;1999;5;3;268;3.0;0;0;0;0;0;0;0;0;0.00;0.00;0.00;0.00;0.00;Matches
933;Augusto Solari;ARG;MF;Unión;34-270;1992;8;1;176;2.0;0;0;0;0;0;0;0;0;0.00;0.00;0.00;0.00;0.00;Matches
934;Santiago Solari;ARG;MF;Newell's;28-254;1998;3;3;231;2.6;1;0;1;1;0;1;1;0;0.39;0.00;0.39;0.39;0.39;Matches
935;Santiago Solari;ARG;FW,MF;Racing Club;28-254;1998;18;16;1286;14.3;2;4;6;2;0;0;3;0;0.14;0.28;0.42;0.14;0.42;Matches
936;Alan Soñora;USA;MF;Newell's;28-058;1998;2;0;51;0.6;1;0;1;1;0;0;0;0;1.76;0.00;1.76;1.76;1.76;Matches
937;Alan Sosa;ARG;MF,FW;Aldosivi;23-148;2003;16;10;967;10.7;1;1;2;1;0;0;2;1;0.09;0.09;0.19;0.09;0.19;Matches
938;Diego Sosa;ARG;MF,DF;Instituto;29-064;1997;26;26;2269;25.2;1;3;4;1;0;0;3;0;0.04;0.12;0.16;0.04;0.16;Matches
939;Gonzalo Sosa;ARG;FW;Racing Club;21-209;2005;3;1;96;1.1;0;0;0;0;0;0;0;0;0.00;0.00;0.00;0.00;0.00;Matches
940;José Sosa;ARG;MF;Estudiantes–LP;41-103;1985;11;6;408;4.5;0;1;1;0;0;0;3;0;0.00;0.22;0.22;0.00;0.22;Matches
941;Santiago Sosa;ARG;MF,DF;Racing Club;27-150;1999;18;18;1592;17.7;0;1;1;0;0;0;6;0;0.00;0.06;0.06;0.00;0.06;Matches
942;Santiago Sosa;ARG;MF;Defensa;21-243;2005;25;25;2105;23.4;0;0;0;0;0;0;4;1;0.00;0.00;0.00;0.00;0.00;Matches
943;David Sotelo;ARG;MF;Newell's;23-062;2003;11;4;440;4.9;0;0;0;0;0;0;0;0;0.00;0.00;0.00;0.00;0.00;Matches
944;Alexis Soto;ARG;DF;Rosario Central;32-345;1993;19;11;1115;12.4;1;0;1;1;0;0;2;0;0.08;0.00;0.08;0.08;0.08;Matches
945;Guillermo Soto;CHI;DF;Tigre;32-263;1994;6;4;388;4.3;0;0;0;0;0;0;0;0;0.00;0.00;0.00;0.00;0.00;Matches
946;Martín Soto;ARG;DF;Huracán;18-303;2007;2;0;24;0.3;0;0;0;0;0;0;0;0;0.00;0.00;0.00;0.00;0.00;Matches
947;Lucas Souto;ARG;DF,MF;Defensa;27-354;1998;18;18;1498;16.6;1;0;1;1;0;0;0;0;0.06;0.00;0.06;0.06;0.06;Matches
948;Adrián Sporle;ARG;DF;Belgrano;31-079;1995;21;16;1474;16.4;0;0;0;0;0;0;3;0;0.00;0.00;0.00;0.00;0.00;Matches
949;Alexis Steimbach;ARG;DF;Gimnasia–LP;24-067;2002;23;19;1730;19.2;1;5;6;1;0;0;9;1;0.05;0.26;0.31;0.05;0.31;Matches
950;Ángel Stringa;ARG;MF;Dep. Riestra;30-177;1996;3;1;82;0.9;0;0;0;0;0;0;1;0;0.00;0.00;0.00;0.00;0.00;Matches
951;Sheyko Studer;ARG;DF;Ind. Rivadavia;23-322;2002;19;19;1646;18.3;2;0;2;2;0;0;4;0;0.11;0.00;0.11;0.11;0.11;Matches
952;Facundo Suárez;ARG;FW;Instituto;32-091;1994;7;0;156;1.7;1;0;1;1;0;0;1;0;0.58;0.00;0.58;0.58;0.58;Matches
953;Lucas Suárez;ARG;DF;Sarmiento–J;31-197;1995;19;16;1318;14.6;1;0;1;1;0;0;3;0;0.07;0.00;0.07;0.07;0.07;Matches
954;Ian Subiabre;ARG;MF;River Plate;19-272;2007;16;9;753;8.4;1;2;3;1;0;0;2;0;0.12;0.24;0.36;0.12;0.36;Matches
955;Ian Subiabre;ARG;FW;Tigre;19-272;2007;5;0;97;1.1;0;0;0;0;0;0;1;0;0.00;0.00;0.00;0.00;0.00;Matches
956;Tomás Sultani;ARG;GK;Tigre;28-100;1998;1;1;90;1.0;0;0;0;0;0;0;0;0;0.00;0.00;0.00;0.00;0.00;Matches
957;Nicolás Sumavil;ARG;GK;Platense;26-314;1999;1;1;90;1.0;0;0;0;0;0;0;0;0;0.00;0.00;0.00;0.00;0.00;Matches
958;Gastón Suso;ARG;DF;Atlé Tucumán;35-202;1991;16;16;1417;15.7;0;0;0;0;0;0;2;0;0.00;0.00;0.00;0.00;0.00;Matches
959;Enzo Taborda;ARG;FW;Barracas Central;21-133;2005;10;1;249;2.8;0;0;0;0;0;0;1;0;0.00;0.00;0.00;0.00;0.00;Matches
960;Nicolás Talpone;ARG;MF;Estudiantes–RC;30-174;1996;21;12;1130;12.6;0;0;0;0;0;0;1;0;0.00;0.00;0.00;0.00;0.00;Matches
961;Iván Tapia;ARG;MF;Barracas Central;27-311;1998;26;26;1967;21.9;3;2;5;1;2;2;2;0;0.14;0.09;0.23;0.05;0.14;Matches
962;Cristian Tarragona;ARG;FW;Unión;35-174;1991;25;25;2170;24.1;13;1;14;11;2;2;5;1;0.54;0.04;0.58;0.46;0.50;Matches
963;Diego Tarzia;ARG;MF;Independiente;23-157;2003;1;0;24;0.3;0;0;0;0;0;0;0;0;0.00;0.00;0.00;0.00;0.00;Matches
964;Alejandro Tello;ARG;MF,FW;Racing Club;18-234;2008;5;5;324;3.6;0;1;1;0;0;0;1;0;0.00;0.28;0.28;0.00;0.28;Matches
965;Felipe Tempone;ARG;FW;Independiente;20-239;2006;7;2;225;2.5;0;1;1;0;0;0;0;0;0.00;0.40;0.40;0.00;0.40;Matches
966;Renzo Tesuri;ARG;MF;Atlé Tucumán;30-115;1996;26;26;1984;22.0;2;1;3;2;0;0;3;0;0.09;0.05;0.14;0.09;0.14;Matches
967;Mauricio Tévez;ARG;FW;Estudiantes–RC;30-061;1996;2;0;38;0.4;0;0;0;0;0;0;0;0;0.00;0.00;0.00;0.00;0.00;Matches
968;Horacio Tijanovich;ARG;MF,FW;C. Córdoba–SdE;30-214;1996;21;12;1033;11.5;0;2;2;0;0;0;4;0;0.00;0.17;0.17;0.00;0.17;Matches
969;Matías Tissera;ARG;FW;Instituto;30-024;1996;16;10;805;8.9;2;0;2;2;0;0;1;0;0.22;0.00;0.22;0.22;0.22;Matches
970;Fernando Tobio;ARG;DF;Barracas Central;36-347;1989;17;16;1381;15.3;2;0;2;2;0;0;0;0;0.13;0.00;0.13;0.13;0.13;Matches
971;Gastón Togni;ARG;MF;Platense;29-010;1997;4;3;226;2.5;0;0;0;0;0;0;0;0;0.00;0.00;0.00;0.00;0.00;Matches
972;Santiago Toloza;ARG;MF;Defensa;23-337;2002;1;0;45;0.5;0;0;0;0;0;0;0;0;0.00;0.00;0.00;0.00;0.00;Matches
973;Elías Torres;ARG;FW;Racing Club;25-187;2001;8;1;159;1.8;0;0;0;0;0;0;0;0;0.00;0.00;0.00;0.00;0.00;Matches
974;Franco Torres;ARG;MF;Gimnasia–LP;27-128;1999;22;5;714;7.9;3;0;3;3;0;0;4;0;0.38;0.00;0.38;0.38;0.38;Matches
975;Marcelo Torres;ARG;FW;Gimnasia–LP;28-328;1997;20;17;1328;14.8;7;1;8;5;2;3;0;0;0.47;0.07;0.54;0.34;0.41;Matches
976;Bruno Trey;ARG;MF;Talleres–C;20-254;2006;1;0;30;0.3;0;0;0;0;0;0;0;0;0.00;0.00;0.00;0.00;0.00;Matches
977;Nicolás Tripichio;ARG;MF;CA San Lorenzo;30-268;1996;25;25;2165;24.1;0;0;0;0;0;0;7;0;0.00;0.00;0.00;0.00;0.00;Matches
978;Manuel Tucker;ARG;FW;Platense;21-334;2004;4;0;61;0.7;0;0;0;0;0;0;0;0;0.00;0.00;0.00;0.00;0.00;Matches
979;Ramiro Tulián;ARG;MF;Belgrano;18-254;2008;6;0;71;0.8;1;0;1;1;0;0;0;0;1.27;0.00;1.27;1.27;1.27;Matches
980;Ezequiel Unsain;ARG;GK;Talleres–C;31-205;1995;10;10;900;10.0;0;0;0;0;0;0;0;0;0.00;0.00;0.00;0.00;0.00;Matches
981;Tomás Uribe;ARG;MF;Huracán;19-095;2007;3;1;93;1.0;0;0;0;0;0;0;0;0;0.00;0.00;0.00;0.00;0.00;Matches
982;Diego Valdés;CHI;MF;Vélez Sarsfield;32-243;1994;19;10;880;9.8;3;6;9;3;0;0;0;0;0.31;0.61;0.92;0.31;0.92;Matches
983;Facundo Valdéz;ARG;MF;Independiente;20-173;2006;7;1;177;2.0;0;0;0;0;0;0;0;0;0.00;0.00;0.00;0.00;0.00;Matches
984;Sebastián Valdez;ARG;DF;Independiente;30-328;1995;15;14;1235;13.7;0;0;0;0;0;0;3;1;0.00;0.00;0.00;0.00;0.00;Matches
985;Enner Valencia;ECU;FW;Boca Juniors;36-330;1989;4;2;205;2.3;1;1;2;1;0;0;0;0;0.44;0.44;0.88;0.44;0.88;Matches
986;Matías Valenti;ARG;DF;Estudiantes–RC;24-027;2002;19;18;1536;17.1;0;1;1;0;0;0;6;0;0.00;0.06;0.06;0.00;0.06;Matches
987;Milton Valenzuela;ARG;DF;Independiente;28-048;1998;6;3;303;3.4;0;0;0;0;0;0;2;0;0.00;0.00;0.00;0.00;0.00;Matches
988;Mateo Vales;ARG;DF;Aldosivi;19-268;2007;4;4;286;3.2;0;0;0;0;0;0;1;0;0.00;0.00;0.00;0.00;0.00;Matches
989;Mauro Valiente;ARG;MF,FW;Estudiantes–RC;26-247;2000;18;12;1000;11.1;1;0;1;1;0;0;3;0;0.09;0.00;0.09;0.09;0.09;Matches
990;Luciano Vallejo;ARG;DF;Atlé Tucumán;22-124;2004;16;14;1238;13.8;1;0;1;1;0;0;3;1;0.07;0.00;0.07;0.07;0.07;Matches
991;Javier Vallejos;ARG;GK;C. Córdoba–SdE;23-270;2003;4;2;313;3.5;0;0;0;0;0;0;0;0;0.00;0.00;0.00;0.00;0.00;Matches
992;Yoshan Valois;COL;FW;Lanús;21-361;2004;18;7;727;8.1;4;1;5;4;0;0;1;0;0.50;0.12;0.62;0.50;0.62;Matches
993;Diego Valoyes;COL;MF;Talleres–C;30-008;1996;9;3;296;3.3;0;1;1;0;0;0;0;0;0.00;0.30;0.30;0.00;0.30;Matches
994;Lucas Varaldo;ARG;FW;C. Córdoba–SdE;24-218;2002;15;5;442;4.9;0;0;0;0;0;0;2;0;0.00;0.00;0.00;0.00;0.00;Matches
995;Lautaro Vargas;ARG;DF;Unión;21-241;2005;20;20;1656;18.4;0;2;2;0;0;0;9;0;0.00;0.11;0.11;0.00;0.11;Matches
996;Matías Vargas;ARG;FW,MF;Gimnasia–M;29-145;1997;5;0;180;2.0;0;0;0;0;0;0;0;0;0.00;0.00;0.00;0.00;0.00;Matches
997;Franco Vázquez;ARG;DF;Arg Juniors;21-271;2005;8;8;720;8.0;0;0;0;0;0;0;1;0;0.00;0.00;0.00;0.00;0.00;Matches
998;Franco Vázquez;ARG;MF;Belgrano;37-220;1989;23;21;1719;19.1;2;1;3;2;0;0;5;1;0.10;0.05;0.16;0.10;0.16;Matches
999;Ignacio Vázquez;ARG;DF;Platense;29-107;1997;19;19;1710;19.0;1;0;1;0;1;1;4;0;0.05;0.00;0.05;0.00;0.00;Matches
1000;Kevin Vázquez;ARG;MF;Ind. Rivadavia;25-195;2001;7;3;273;3.0;0;0;0;0;0;0;0;0;0.00;0.00;0.00;0.00;0.00;Matches
1001;César Vega;ARG;MF;Atlé Tucumán;22-265;2004;14;12;1065;11.8;0;0;0;0;0;0;6;0;0.00;0.00;0.00;0.00;0.00;Matches
1002;Alan Velasco;ARG;MF,FW;Boca Juniors;24-065;2002;15;8;658;7.3;4;1;5;4;0;0;1;0;0.55;0.14;0.68;0.55;0.68;Matches
1003;Juan Velazquez;ARG;MF;Belgrano;21-315;2004;14;11;796;8.8;0;0;0;0;0;0;1;0;0.00;0.00;0.00;0.00;0.00;Matches
1004;Alejo Véliz;ARG;FW;Rosario Central;23-011;2003;14;12;1008;11.2;4;0;4;4;0;1;0;0;0.36;0.00;0.36;0.36;0.36;Matches
1005;Fausto Vera;ARG;MF;River Plate;26-188;2000;20;18;1532;17.0;0;0;0;0;0;0;3;1;0.00;0.00;0.00;0.00;0.00;Matches
1006;Federico Vera;ARG;DF;Huracán;28-190;1998;6;5;450;5.0;0;0;0;0;0;0;1;0;0.00;0.00;0.00;0.00;0.00;Matches
1007;Matías Vera;ARG;MF;C. Córdoba–SdE;30-339;1995;25;24;2079;23.1;0;1;1;0;0;0;5;0;0.00;0.04;0.04;0.00;0.04;Matches
1008;Santino Vera;ARG;FW;Unión;20-172;2006;1;0;32;0.4;0;0;0;0;0;0;0;0;0.00;0.00;0.00;0.00;0.00;Matches
1009;Duván Vergara;COL;FW,MF;Racing Club;30-021;1996;19;5;597;6.6;3;0;3;3;0;0;2;0;0.45;0.00;0.45;0.45;0.45;Matches
1010;Álex Verón;ARG;MF;Vélez Sarsfield;17-341;2008;12;3;358;4.0;0;0;0;0;0;0;0;0;0.00;0.00;0.00;0.00;0.00;Matches
1011;Elías Verón;ARG;DF,MF;Rosario Central;19-207;2007;7;4;367;4.1;0;0;0;0;0;0;1;0;0.00;0.00;0.00;0.00;0.00;Matches
1012;Gastón Verón;ARG;FW;Arg Juniors;25-160;2001;9;8;619;6.9;4;0;4;4;0;0;0;0;0.58;0.00;0.58;0.58;0.58;Matches
1013;Manuel Vicentini;ARG;GK;Belgrano;36-164;1990;1;1;90;1.0;0;0;0;0;0;0;0;0;0.00;0.00;0.00;0.00;0.00;Matches
1014;Luciano Vietto;ARG;MF,FW;CA San Lorenzo;32-299;1993;11;4;483;5.4;2;0;2;2;0;0;3;0;0.37;0.00;0.37;0.37;0.37;Matches
1015;Alex Vigo;ARG;DF;Talleres–C;27-155;1999;9;4;374;4.2;0;0;0;0;0;0;3;0;0.00;0.00;0.00;0.00;0.00;Matches
1016;Alex Vigo;ARG;DF;Ind. Rivadavia;27-155;1999;6;2;284;3.2;0;0;0;0;0;0;1;0;0.00;0.00;0.00;0.00;0.00;Matches
1017;Maximiliano Villa;URU;DF;Atlé Tucumán;29-211;1997;16;15;1349;15.0;1;1;2;1;0;0;4;0;0.07;0.07;0.13;0.07;0.13;Matches
1018;Sebastián Villa;COL;MF,FW;Boca Juniors;30-134;1996;9;3;391;4.3;0;1;1;0;0;0;0;0;0.00;0.23;0.23;0.00;0.23;Matches
1019;Sebastián Villa;COL;FW,MF;Ind. Rivadavia;30-134;1996;13;11;1041;11.6;0;5;5;0;0;0;2;0;0.00;0.43;0.43;0.00;0.43;Matches
1020;Carlos Villalba;ARG;MF;Sarmiento–J;28-073;1998;11;8;527;5.9;1;0;1;1;0;0;4;0;0.17;0.00;0.17;0.17;0.17;Matches
1021;Iván Villalba;PAR;DF;Ind. Rivadavia;31-254;1995;23;19;1744;19.4;0;0;0;0;0;0;8;0;0.00;0.00;0.00;0.00;0.00;Matches
1022;Juan Villalba;ARG;DF;Tigre;20-199;2006;9;7;647;7.2;0;1;1;0;0;0;2;0;0.00;0.14;0.14;0.00;0.14;Matches
1023;Alejandro Villareal;COL;FW,MF;Aldosivi;21-064;2005;9;3;239;2.7;0;0;0;0;0;0;1;0;0.00;0.00;0.00;0.00;0.00;Matches
1024;Santiago Villarreal;ARG;MF;Gimnasia–LP;20-314;2005;2;0;52;0.6;0;0;0;0;0;0;0;0;0.00;0.00;0.00;0.00;0.00;Matches
1025;Lautaro Villegas;ARG;MF;Banfield;22-274;2003;18;11;952;10.6;0;0;0;0;0;0;3;0;0.00;0.00;0.00;0.00;0.00;Matches
1026;Matías Viña;URU;DF,MF;River Plate;28-325;1997;8;5;402;4.5;0;0;0;0;0;0;6;1;0.00;0.00;0.00;0.00;0.00;Matches
1027;Sergio Vittor;ARG;DF;Banfield;37-113;1989;13;13;1008;11.2;0;0;0;0;0;0;3;0;0.00;0.00;0.00;0.00;0.00;Matches
1028;Emiliano Viveros;ARG;FW,MF;Arg Juniors;24-000;2002;18;12;943;10.5;1;2;3;1;0;0;1;0;0.10;0.19;0.29;0.10;0.29;Matches
1029;Andrés Vombergar;SVN;FW,MF;Aldosivi;31-314;1994;7;6;508;5.6;4;0;4;4;0;0;0;0;0.71;0.00;0.71;0.71;0.71;Matches
1030;Facundo Waller;URU;MF;Huracán;29-174;1997;21;17;1469;16.3;2;0;2;2;0;0;5;0;0.12;0.00;0.12;0.12;0.12;Matches
1031;Franco Watson;ARG;MF,FW;Lanús;26-272;2000;17;10;741;8.2;0;0;0;0;0;0;1;0;0.00;0.00;0.00;0.00;0.00;Matches
1032;Nicólas Watson;ARG;MF,DF;Dep. Riestra;28-131;1998;21;9;989;11.0;0;1;1;0;0;0;5;0;0.00;0.09;0.09;0.00;0.09;Matches
1033;Marcelo Weigandt;ARG;DF;Boca Juniors;26-262;2000;10;7;730;8.1;0;0;0;0;0;0;0;0;0.00;0.00;0.00;0.00;0.00;Matches
1034;Axel Werner;ARG;GK;Rosario Central;30-214;1996;2;2;180;2.0;0;0;0;0;0;0;0;0;0.00;0.00;0.00;0.00;0.00;Matches
1035;Axel Werner;ARG;GK;Aldosivi;30-214;1996;15;15;1350;15.0;0;0;0;0;0;0;3;0;0.00;0.00;0.00;0.00;0.00;Matches
1036;Allan Wlk;PAR;FW;Lanús;23-213;2003;10;7;555;6.2;3;0;3;3;0;0;0;0;0.49;0.00;0.49;0.49;0.49;Matches
1037;Cristian Zabala;ARG;MF;Sarmiento–J;28-210;1998;25;24;2169;24.1;1;1;2;1;0;0;6;0;0.04;0.04;0.08;0.04;0.08;Matches
1038;Facundo Zabala;ARG;DF;Independiente;27-271;1999;24;23;1988;22.1;0;1;1;0;0;0;6;0;0.00;0.05;0.05;0.00;0.05;Matches
1039;David Zalazar;ARG;MF;Banfield;24-144;2002;20;12;1089;12.1;2;3;5;2;0;0;4;0;0.17;0.25;0.41;0.17;0.41;Matches
1040;Maximiliano Zalazar;ARG;MF;Gimnasia–LP;25-206;2001;12;4;499;5.5;1;1;2;1;0;0;3;0;0.18;0.18;0.36;0.18;0.36;Matches
1041;Nicolás Zalazar;ARG;DF;Aldosivi;29-244;1997;20;19;1709;19.0;0;1;1;0;0;0;2;1;0.00;0.05;0.05;0.00;0.05;Matches
1042;Franco Zapiola;ARG;MF;Platense;25-223;2001;24;18;1519;16.9;2;2;4;2;0;0;3;0;0.12;0.12;0.24;0.12;0.24;Matches
1043;Federico Zaracho;ARG;MF;Racing Club;28-204;1998;22;10;1061;11.8;2;1;3;2;0;0;3;0;0.17;0.08;0.25;0.17;0.25;Matches
1044;Sebastián Zaracho;PAR;DF;Rosario Central;27-253;1999;2;1;91;1.0;0;1;1;0;0;0;1;0;0.00;0.99;0.99;0.00;0.99;Matches
1045;Exequiel Zeballos;ARG;FW,MF;Boca Juniors;24-159;2002;7;5;457;5.1;1;3;4;1;0;0;0;0;0.20;0.59;0.79;0.20;0.79;Matches
1046;Gonzalo Zelarayán;ARG;FW;Belgrano;22-155;2004;4;0;40;0.4;0;0;0;0;0;0;0;0;0.00;0.00;0.00;0.00;0.00;Matches
1047;Lucas Zelarayán;ARM;MF,FW;Belgrano;34-102;1992;21;20;1738;19.3;4;3;7;4;0;0;2;0;0.21;0.16;0.36;0.21;0.36;Matches
1048;Felipe Zenobio;ARG;GK;Tigre;26-131;2000;24;24;2160;24.0;0;0;0;0;0;0;1;0;0.00;0.00;0.00;0.00;0.00;Matches
1049;Kevin Zenon;ARG;MF,FW;Boca Juniors;25-062;2001;8;4;375;4.2;1;0;1;1;0;0;1;0;0.24;0.00;0.24;0.24;0.24;Matches
1050;Bruno Zuculini;ARG;MF;Racing Club;33-181;1993;14;6;571;6.3;0;1;1;0;0;0;1;0;0.00;0.16;0.16;0.00;0.16;Matches
1051;Iker Zufiaurre;ARG;FW;Boca Juniors;21-054;2005;9;2;218;2.4;1;0;1;1;0;0;1;0;0.41;0.00;0.41;0.41;0.41;Matches