ranker;player;nationality;position;team;age;birth_year;games;games_starts;minutes;minutes_90s;goals;assists;goals_assists;goals_pens;pens_made;pens_att;cards_yellow;cards_red;goals_per90;assists_per90;goals_assists_per90;goals_pens_per90;goals_assists_pens_per90;matches
1;Paxten Aaronson;USA;MF,FW;Colorado Rapids;23-041;2003;27;25;2225;24.7;7;7;14;6;1;1;1;0;0.28;0.28;0.57;0.24;0.53;Matches
2;Liel Abada;ISR;MF,FW;Charlotte;25-003;2001;20;14;1071;11.9;5;5;10;4;1;1;2;0;0.42;0.42;0.84;0.34;0.76;Matches
3;Ezequiel Abadia-Reda;USA;DF;Inter Miami;20-227;2006;5;0;49;0.5;0;0;0;0;0;0;0;0;0.00;0.00;0.00;0.00;0.00;Matches
4;Wessam Abou Ali;PLE;FW;Columbus Crew;27-275;1999;7;7;565;6.3;5;1;6;5;0;1;1;0;0.80;0.16;0.96;0.80;0.96;Matches
5;Lalas Abubakar;GHA;DF;FC Dallas;31-285;1994;4;3;236;2.6;1;0;1;1;0;0;2;0;0.38;0.00;0.38;0.38;0.38;Matches
6;Elias Achouri;TUN;FW;San Diego FC;27-238;1999;8;6;545;6.1;2;0;2;2;0;0;0;0;0.33;0.00;0.33;0.33;0.33;Matches
7;Bryan Acosta;HON;MF;Nashville SC;32-316;1993;16;7;624;6.9;3;1;4;3;0;0;3;0;0.43;0.14;0.58;0.43;0.58;Matches
8;Chase Adams;USA;FW;Columbus Crew;18-172;2008;6;3;173;1.9;1;0;1;1;0;0;0;0;0.52;0.00;0.52;0.52;0.52;Matches
9;Sam Adekugbe;CAN;DF,MF;Vancouver;31-263;1995;6;0;50;0.6;0;0;0;0;0;0;0;0;0.00;0.00;0.00;0.00;0.00;Matches
10;Nonso Adimabua;NGA;FW;SJ Earthquakes;26-029;2000;2;1;46;0.5;0;1;1;0;0;0;0;0;0.00;1.96;1.96;0.00;1.96;Matches
11;Stephen Afrifa;CAN;FW,MF;Sporting KC;25-229;2001;23;6;788;8.8;3;3;6;3;0;0;2;0;0.34;0.34;0.69;0.34;0.69;Matches
12;Kwaku Agyabeng;GHA;MF,DF;Sporting KC;20-101;2006;18;9;859;9.5;0;0;0;0;0;0;2;1;0.00;0.00;0.00;0.00;0.00;Matches
13;Morrison Agyemang;GHA;DF;Charlotte;21-289;2004;21;17;1594;17.7;2;0;2;2;0;0;2;0;0.11;0.00;0.11;0.11;0.11;Matches
14;Marius Aiyenero;CAN;FW;LAFC;18-136;2008;1;0;5;0.1;0;0;0;0;0;0;0;0;0.00;0.00;0.00;0.00;0.00;Matches
15;Jorge Alastuey;ESP;MF,FW;Austin FC;23-145;2003;10;7;577;6.4;0;0;0;0;0;0;0;0;0.00;0.00;0.00;0.00;0.00;Matches
16;Noah Allen;GRE;DF,MF;Inter Miami;22-161;2004;19;12;1038;11.5;1;1;2;1;0;0;2;0;0.09;0.09;0.17;0.09;0.17;Matches
17;Noah Allen;GRE;DF;Chicago Fire;22-161;2004;4;3;315;3.5;0;0;0;0;0;0;1;0;0.00;0.00;0.00;0.00;0.00;Matches
18;Tadeo Allende;ARG;MF,FW;Inter Miami;27-228;1999;9;4;434;4.8;0;0;0;0;0;0;3;0;0.00;0.00;0.00;0.00;0.00;Matches
19;Miguel Almirón;PAR;FW,MF;Atlanta Utd;32-238;1994;20;19;1687;18.7;4;4;8;4;0;1;0;0;0.21;0.21;0.43;0.21;0.43;Matches
20;Rodolfo Aloko;BEN;MF,FW;Charlotte;19-284;2006;16;5;568;6.3;1;2;3;1;0;0;1;0;0.16;0.32;0.48;0.16;0.48;Matches
21;Júnior Alonso;PAR;DF;Atlanta Utd;33-239;1993;11;11;955;10.6;0;0;0;0;0;0;1;0;0.00;0.00;0.00;0.00;0.00;Matches
22;Alejandro Alvarado Jr.;USA;MF;San Diego FC;23-069;2003;18;5;528;5.9;1;0;1;1;0;0;2;0;0.17;0.00;0.17;0.17;0.17;Matches
23;Steven Alzate;COL;MF;Atlanta Utd;28-028;1998;13;4;516;5.7;0;0;0;0;0;0;1;0;0.00;0.00;0.00;0.00;0.00;Matches
24;Pedro Amador;POR;DF;Atlanta Utd;27-292;1998;7;2;243;2.7;0;0;0;0;0;0;0;0;0.00;0.00;0.00;0.00;0.00;Matches
25;Mauricio Amaro;URU;MF;Atlanta Utd;21-079;2005;5;4;361;4.0;0;0;0;0;0;0;1;0;0.00;0.00;0.00;0.00;0.00;Matches
26;Frankie Amaya;USA;MF;CF Montréal;26-010;2000;2;0;7;0.1;0;0;0;0;0;0;0;0;0.00;0.00;0.00;0.00;0.00;Matches
27;Malte Amundsen;DEN;DF;Columbus Crew;28-237;1998;22;21;1804;20.0;0;1;1;0;0;0;2;0;0.00;0.05;0.05;0.00;0.05;Matches
28;Owen Anderson;USA;MF;Real Salt Lake;19-122;2007;1;0;1;0.0;0;0;0;0;0;0;0;0;0.00;0.00;0.00;0.00;0.00;Matches
29;Felipe Andrade;BRA;DF;Houston;24-130;2002;21;19;1754;19.5;1;0;1;1;0;0;8;0;0.05;0.00;0.05;0.05;0.05;Matches
30;Augustin Anello;ITA;MF,FW;Philadelphia;24-167;2002;15;3;437;4.9;1;1;2;1;0;0;2;0;0.21;0.21;0.41;0.21;0.41;Matches
31;Iván Angulo;COL;MF,DF;Orlando City;27-198;1999;27;26;2355;26.2;5;4;9;5;0;0;5;0;0.19;0.15;0.34;0.19;0.34;Matches
32;Conner Antley;USA;DF,MF;D.C. United;31-198;1995;5;0;34;0.4;0;0;0;0;0;0;0;0;0.00;0.00;0.00;0.00;0.00;Matches
33;Antony;BRA;MF,FW;Portland Timbers;25-028;2001;26;16;1533;17.0;3;2;5;2;1;1;0;0;0.18;0.12;0.29;0.12;0.23;Matches
34;Brian Anunga;CMR;MF;FC Cincinnati;30-057;1996;16;5;573;6.4;0;0;0;0;0;0;2;0;0.00;0.00;0.00;0.00;0.00;Matches
35;Matthew Arana;MEX;MF;Houston;16-039;2010;6;0;70;0.8;0;0;0;0;0;0;0;0;0.00;0.00;0.00;0.00;0.00;Matches
36;Alexander Aravena;CHI;MF;Portland Timbers;24-030;2002;16;4;488;5.4;1;0;1;1;0;0;0;0;0.18;0.00;0.18;0.18;0.18;Matches
37;Max Arfsten;USA;MF;Columbus Crew;25-170;2001;17;17;1462;16.2;4;4;8;4;0;0;3;0;0.25;0.25;0.49;0.25;0.49;Matches
38;Juan Arias;COL;DF;Real Salt Lake;22-271;2004;8;7;544;6.0;0;0;0;0;0;0;3;0;0.00;0.00;0.00;0.00;0.00;Matches
39;Emilio Aristizábal;COL;FW,MF;Toronto FC;21-062;2005;20;7;615;6.8;4;0;4;4;0;0;1;0;0.59;0.00;0.59;0.59;0.59;Matches
40;Daniel Armando Ríos;MEX;FW;CF Montréal;31-226;1995;23;7;866;9.6;5;1;6;4;1;1;3;0;0.52;0.10;0.62;0.42;0.52;Matches
41;Paul Arriola;USA;MF,DF;Seattle Sounders;31-243;1995;18;7;568;6.3;2;2;4;2;0;0;2;0;0.32;0.32;0.63;0.32;0.63;Matches
42;Artur;BRA;MF;Houston;30-209;1996;20;17;1534;17.0;0;1;1;0;0;0;3;0;0.00;0.06;0.06;0.00;0.06;Matches
43;Joshua Atencio;USA;MF;Colorado Rapids;24-248;2002;23;16;1401;15.6;1;1;2;1;0;0;10;0;0.06;0.06;0.13;0.06;0.13;Matches
44;Eduard Atuesta;COL;MF;Orlando City;29-110;1997;20;15;1290;14.3;0;3;3;0;0;0;7;0;0.00;0.21;0.21;0.00;0.21;Matches
45;Julián Aude;ARG;DF;LA Galaxy;23-196;2003;17;14;1060;11.8;0;0;0;0;0;0;2;0;0.00;0.00;0.00;0.00;0.00;Matches
46;Palmer Ault;USA;FW;St. Louis City;22-170;2004;7;0;50;0.6;0;0;0;0;0;0;0;0;0.00;0.00;0.00;0.00;0.00;Matches
47;Tomás Avilés;ARG;DF;CF Montréal;22-245;2004;4;3;220;2.4;0;0;0;0;0;0;0;1;0.00;0.00;0.00;0.00;0.00;Matches
48;Nəriman Axundzadə;AZE;MF;Columbus Crew;22-166;2004;7;1;117;1.3;0;0;0;0;0;0;0;0;0.00;0.00;0.00;0.00;0.00;Matches
49;David Ayala;ARG;MF;Inter Miami;24-072;2002;10;3;368;4.1;0;0;0;0;0;0;1;0;0.00;0.00;0.00;0.00;0.00;Matches
50;Jeevan Badwal;CAN;MF;Vancouver;20-209;2006;21;16;1329;14.8;1;2;3;1;0;0;3;0;0.07;0.14;0.20;0.07;0.20;Matches
51;Elías Báez;ARG;DF;Atlanta Utd;21-353;2004;24;24;2110;23.4;1;3;4;1;0;0;6;0;0.04;0.13;0.17;0.04;0.17;Matches
52;Drew Baiera;USA;DF;NYCFC;19-220;2007;3;0;24;0.3;0;0;0;0;0;0;0;0;0.00;0.00;0.00;0.00;0.00;Matches
53;Eric Bailly;CIV;DF;Columbus Crew;32-177;1994;3;2;179;2.0;0;0;0;0;0;0;1;0;0.00;0.00;0.00;0.00;0.00;Matches
54;Cédric Bakambu;COD;FW;San Diego FC;35-178;1991;4;0;128;1.4;1;0;1;0;1;1;0;0;0.70;0.00;0.70;0.00;0.00;Matches
55;Cody Baker;USA;DF;Seattle Sounders;22-272;2004;3;1;97;1.1;0;0;0;0;0;0;0;0;0.00;0.00;0.00;0.00;0.00;Matches
56;Cody Baker;USA;DF;NE Revolution;22-272;2004;7;0;131;1.5;0;0;0;0;0;0;0;0;0.00;0.00;0.00;0.00;0.00;Matches
57;Reed Baker-Whiting;USA;DF;Nashville SC;21-189;2005;20;12;1132;12.6;1;2;3;1;0;0;1;0;0.08;0.16;0.24;0.08;0.24;Matches
58;Jonathan Bamba;CIV;MF,FW;Chicago Fire;30-194;1996;19;14;1241;13.8;2;2;4;2;0;0;2;0;0.15;0.15;0.29;0.15;0.29;Matches
59;Fletcher Bank;USA;MF;Toronto FC;23-158;2003;1;0;13;0.1;0;0;0;0;0;0;0;0;0.00;0.00;0.00;0.00;0.00;Matches
60;Jesús Barea;ESP;FW;Real Salt Lake;24-161;2002;3;0;17;0.2;0;0;0;0;0;0;0;0;0.00;0.00;0.00;0.00;0.00;Matches
61;Tai Baribo;ISR;FW;D.C. United;28-264;1998;20;19;1628;18.1;14;0;14;11;3;3;3;0;0.77;0.00;0.77;0.61;0.61;Matches
62;Tom Barlow;USA;FW,MF;FC Cincinnati;31-090;1995;26;9;1044;11.6;7;2;9;7;0;0;2;0;0.60;0.17;0.78;0.60;0.78;Matches
63;Leonardo Barroso;POR;DF;Chicago Fire;21-116;2005;14;12;940;10.4;0;0;0;0;0;0;2;0;0.00;0.00;0.00;0.00;0.00;Matches
64;Jacob Bartlett;USA;MF;Sporting KC;20-364;2005;22;10;1092;12.1;2;0;2;2;0;0;3;0;0.16;0.00;0.16;0.16;0.16;Matches
65;Lucas Bartlett;USA;DF;D.C. United;29-072;1997;25;25;2246;25.0;4;0;4;4;0;0;5;0;0.16;0.00;0.16;0.16;0.16;Matches
66;Ethan Bartlow;USA;DF;Sporting KC;26-246;2000;11;9;790;8.8;0;0;0;0;0;0;1;0;0.00;0.00;0.00;0.00;0.00;Matches
67;Cole Bassett;USA;MF;Portland Timbers;25-070;2001;23;23;1825;20.3;3;4;7;3;0;0;2;0;0.15;0.20;0.35;0.15;0.35;Matches
68;Zorhan Bassong;CAN;MF;Sporting KC;27-152;1999;15;10;820;9.1;0;0;0;0;0;0;5;0;0.00;0.00;0.00;0.00;0.00;Matches
69;Josh Bauer;USA;DF;Nashville SC;28-076;1998;17;6;517;5.7;0;0;0;0;0;0;1;0;0.00;0.00;0.00;0.00;0.00;Matches
70;Timo Baumgartl;GER;DF;St. Louis City;30-216;1996;27;27;2430;27.0;1;0;1;1;0;0;3;0;0.04;0.00;0.04;0.04;0.04;Matches
71;Julián Bazán;COL;DF;RB New York;20-315;2005;13;11;1018;11.3;0;0;0;0;0;0;3;0;0.00;0.00;0.00;0.00;0.00;Matches
72;Tanner Beason;USA;DF;NE Revolution;29-197;1997;6;0;58;0.6;0;0;0;0;0;0;0;0;0.00;0.00;0.00;0.00;0.00;Matches
73;Adam Beaudry;USA;GK;Colorado Rapids;20-171;2006;2;2;180;2.0;0;0;0;0;0;0;0;0;0.00;0.00;0.00;0.00;0.00;Matches
74;Simon Becher;USA;FW;St. Louis City;27-078;1999;27;23;1983;22.0;9;4;13;9;0;0;2;0;0.41;0.18;0.59;0.41;0.59;Matches
75;Alejandro Bedoya;USA;MF;Philadelphia;39-160;1987;17;1;274;3.0;0;2;2;0;0;0;1;0;0.00;0.66;0.66;0.00;0.66;Matches
76;Jon Bell;JAM;DF;Austin FC;29-041;1997;21;12;1167;13.0;2;1;3;2;0;0;2;0;0.15;0.08;0.23;0.15;0.23;Matches
77;Ben Bender;USA;DF,MF;Philadelphia;25-213;2001;9;5;524;5.8;1;0;1;1;0;0;1;0;0.17;0.00;0.17;0.17;0.17;Matches
78;Nehuén Benedetti;ARG;MF;RB New York;21-224;2005;6;0;92;1.0;0;0;0;0;0;0;1;0;0.00;0.00;0.00;0.00;0.00;Matches
79;Ramiro Benetti;BRA;MF;FC Dallas;33-137;1993;22;20;1614;17.9;0;3;3;0;0;0;6;0;0.00;0.17;0.17;0.00;0.17;Matches
80;Lasse Berg Johnsen;NOR;MF;Sporting KC;27-049;1999;23;22;1911;21.2;1;1;2;1;0;0;5;1;0.05;0.05;0.09;0.05;0.09;Matches
81;Gustav Berggren;SWE;MF,DF;RB New York;29-029;1997;12;4;416;4.6;0;2;2;0;0;0;1;1;0.00;0.43;0.43;0.00;0.43;Matches
82;Sebastian Berhalter;USA;MF;Vancouver;25-149;2001;14;13;1121;12.5;6;4;10;5;1;1;3;0;0.48;0.32;0.80;0.40;0.72;Matches
83;Juan Berrocal;ESP;DF;Atlanta Utd;27-155;1999;9;8;731;8.1;0;0;0;0;0;0;2;0;0.00;0.00;0.00;0.00;0.00;Matches
84;Germán Berterame;MEX;FW;Inter Miami;27-327;1998;23;20;1841;20.5;7;4;11;7;0;0;4;0;0.34;0.20;0.54;0.34;0.54;Matches
85;Pep Biel;ESP;MF,FW;Charlotte;30-031;1996;27;27;2363;26.3;12;7;19;10;2;2;4;0;0.46;0.27;0.72;0.38;0.65;Matches
86;Mamadou Billo Diop;SEN;FW;Colorado Rapids;20-022;2006;2;0;19;0.2;0;0;0;0;0;0;0;0;0.00;0.00;0.00;0.00;0.00;Matches
87;Ran Binyamin;ISR;MF,DF;FC Dallas;22-242;2004;23;10;859;9.5;1;2;3;1;0;0;3;0;0.10;0.21;0.31;0.10;0.31;Matches
88;Guilherme Biro;BRA;DF;Austin FC;26-158;2000;22;20;1686;18.7;3;1;4;3;0;0;7;2;0.16;0.05;0.21;0.16;0.21;Matches
89;Tristan Blackmon;USA;DF;Vancouver;30-055;1996;25;24;2185;24.3;1;0;1;1;0;0;4;0;0.04;0.00;0.04;0.04;0.04;Matches
90;Andre Blake;JAM;GK;Philadelphia;35-319;1990;25;25;2250;25.0;0;0;0;0;0;0;0;0;0.00;0.00;0.00;0.00;0.00;Matches
91;Or Blorian;ISR;DF;Sporting KC;26-213;2000;7;7;563;6.3;0;0;0;0;0;0;0;0;0.00;0.00;0.00;0.00;0.00;Matches
92;Isaac Boehmer;USA;GK;Vancouver;24-320;2001;2;1;114;1.3;0;0;0;0;0;0;0;0;0.00;0.00;0.00;0.00;0.00;Matches
93;Mateusz Bogusz;POL;MF,FW;Houston;25-045;2001;26;25;2238;24.9;6;1;7;5;1;1;3;0;0.24;0.04;0.28;0.20;0.24;Matches
94;Luca Bombino;USA;DF;San Diego FC;20-088;2006;17;13;1163;12.9;1;1;2;1;0;0;5;1;0.08;0.08;0.15;0.08;0.15;Matches
95;Jonathan Bond;ENG;GK;Houston;33-140;1993;27;27;2385;26.5;0;0;0;0;0;0;0;0;0.00;0.00;0.00;0.00;0.00;Matches
96;Alex Bonetig;AUS;DF;Portland Timbers;24-047;2002;8;7;648;7.2;1;0;1;1;0;0;1;0;0.14;0.00;0.14;0.14;0.14;Matches
97;Taylor Booth;USA;MF;Real Salt Lake;25-128;2001;3;0;54;0.6;0;0;0;0;0;0;0;0;0.00;0.00;0.00;0.00;0.00;Matches
98;Zach Booth;USA;MF,FW;Real Salt Lake;22-231;2004;11;6;433;4.8;1;0;1;1;0;0;2;0;0.21;0.00;0.21;0.21;0.21;Matches
99;Diego Borges;BRA;DF;Sporting KC;21-295;2004;3;2;204;2.3;0;0;0;0;0;0;1;0;0.00;0.00;0.00;0.00;0.00;Matches
100;Dylan Borso;USA;MF;Chicago Fire;20-126;2006;4;0;78;0.9;0;0;0;0;0;0;1;0;0.00;0.00;0.00;0.00;0.00;Matches
101;Antone Bossenberry;CAN;MF;Toronto FC;18-053;2008;2;0;35;0.4;0;0;0;0;0;0;0;0;0.00;0.00;0.00;0.00;0.00;Matches
102;Denis Bouanga;GAB;FW,MF;LAFC;31-329;1994;26;25;2194;24.4;14;5;19;13;1;1;6;0;0.57;0.21;0.78;0.53;0.74;Matches
103;Ousseni Bouda;BFA;MF,FW;SJ Earthquakes;26-161;2000;26;22;1974;21.9;6;1;7;6;0;0;2;0;0.27;0.05;0.32;0.27;0.32;Matches
104;Amin Boudri;SWE;MF;LAFC;22-007;2004;4;0;78;0.9;0;0;0;0;0;0;0;0;0.00;0.00;0.00;0.00;0.00;Matches
105;Agustín Bouzat;ARG;MF,FW;Houston;32-192;1994;23;14;1245;13.8;1;1;2;1;0;0;3;1;0.07;0.07;0.14;0.07;0.14;Matches
106;Michael Boxall;NZL;DF;Minnesota Utd;38-049;1988;18;16;1387;15.4;0;0;0;0;0;0;5;0;0.00;0.00;0.00;0.00;0.00;Matches
107;Tyler Boyd;USA;MF,FW;LAFC;31-280;1994;24;8;817;9.1;1;2;3;1;0;0;2;0;0.11;0.22;0.33;0.11;0.33;Matches
108;Chris Brady;USA;GK;Chicago Fire;22-217;2004;25;25;2250;25.0;0;0;0;0;0;0;1;0;0.00;0.00;0.00;0.00;0.00;Matches
109;David Brekalo;SVN;DF;Orlando City;27-307;1998;22;20;1754;19.5;2;0;2;2;0;0;4;0;0.10;0.00;0.10;0.10;0.10;Matches
110;Luke Brennan;USA;MF,FW;Atlanta Utd;21-224;2005;17;4;489;5.4;0;0;0;0;0;0;2;0;0.00;0.00;0.00;0.00;0.00;Matches
111;Sebastian Breza;CAN;GK;CF Montréal;28-205;1998;8;8;720;8.0;0;0;0;0;0;0;1;0;0.00;0.00;0.00;0.00;0.00;Matches
112;Yannick Bright;ITA;MF;Inter Miami;25-033;2001;23;22;1878;20.9;0;1;1;0;0;0;4;2;0.00;0.05;0.05;0.00;0.05;Matches
113;Brandt Bronico;USA;MF;Charlotte;31-108;1995;23;8;898;10.0;1;0;1;1;0;0;1;0;0.10;0.00;0.10;0.10;0.10;Matches
114;Mark Bronnik;USA;FW;Seattle Sounders;19-332;2006;1;0;2;0.0;0;0;0;0;0;0;0;0;0.00;0.00;0.00;0.00;0.00;Matches
115;Snyder Brunell;USA;MF;Seattle Sounders;19-197;2007;26;17;1540;17.1;0;1;1;0;0;0;4;0;0.00;0.06;0.06;0.00;0.06;Matches
116;Charles-Emile Brunet;CAN;MF;Nashville SC;22-314;2003;4;0;58;0.6;0;0;0;0;0;0;0;0;0.00;0.00;0.00;0.00;0.00;Matches
117;Pavel Bucha;CZE;MF;FC Cincinnati;28-209;1998;24;23;2030;22.6;6;4;10;6;0;0;3;0;0.27;0.18;0.44;0.27;0.44;Matches
118;Noel Buck;ENG;MF;SJ Earthquakes;21-184;2005;1;1;63;0.7;0;0;0;0;0;0;0;0;0.00;0.00;0.00;0.00;0.00;Matches
119;Dawid Bugaj;POL;DF;CF Montréal;22-089;2004;21;17;1531;17.0;0;0;0;0;0;0;2;0;0.00;0.00;0.00;0.00;0.00;Matches
120;Roman Bürki;SUI;GK;St. Louis City;35-326;1990;25;25;2250;25.0;0;0;0;0;0;0;1;0;0.00;0.00;0.00;0.00;0.00;Matches
121;Micah Burton;USA;FW;Austin FC;20-194;2006;2;0;20;0.2;0;0;0;0;0;0;0;0;0.00;0.00;0.00;0.00;0.00;Matches
122;Brandon Bye;USA;DF;Portland Timbers;30-311;1995;20;19;1695;18.8;1;3;4;1;0;0;4;0;0.05;0.16;0.21;0.05;0.21;Matches
123;Nathan Byrne;ENG;DF;Charlotte;34-123;1992;23;20;1792;19.9;0;0;0;0;0;0;3;0;0.00;0.00;0.00;0.00;0.00;Matches
124;Rafael Cabral;BRA;GK;Real Salt Lake;36-139;1990;26;26;2340;26.0;0;0;0;0;0;0;1;0;0.00;0.00;0.00;0.00;0.00;Matches
125;Kenji Cabrera;PER;MF;Vancouver;23-252;2003;9;2;313;3.5;0;2;2;0;0;0;2;0;0.00;0.58;0.58;0.00;0.58;Matches
126;Bruno Caicedo;ECU;MF;Vancouver;21-264;2005;17;7;721;8.0;5;3;8;4;1;1;3;0;0.62;0.37;1.00;0.50;0.87;Matches
127;Fricio Caicedo;ECU;DF;Inter Miami;18-172;2008;5;5;415;4.6;0;0;0;0;0;0;2;0;0.00;0.00;0.00;0.00;0.00;Matches
128;José Caicedo;COL;MF;Portland Timbers;24-136;2002;16;12;917;10.2;0;0;0;0;0;0;2;0;0.00;0.00;0.00;0.00;0.00;Matches
129;Marcus Caldeira;CAN;FW;Minnesota Utd;21-357;2004;9;7;516;5.7;5;1;6;5;0;0;0;0;0.87;0.17;1.05;0.87;1.05;Matches
130;Lucas Calegari;BRA;DF;LA Galaxy;24-221;2002;3;3;240;2.7;0;1;1;0;0;0;0;0;0.00;0.37;0.37;0.00;0.37;Matches
131;Taylor Calheira;USA;FW;Sporting KC;24-163;2002;19;11;920;10.2;3;1;4;3;0;0;2;0;0.29;0.10;0.39;0.29;0.39;Matches
132;Noel Caliskan;GER;MF;Real Salt Lake;26-038;2000;27;25;2288;25.4;1;4;5;1;0;0;5;0;0.04;0.16;0.20;0.04;0.20;Matches
133;Drake Callender;USA;GK;Minnesota Utd;28-364;1997;27;27;2385;26.5;0;0;0;0;0;0;1;0;0.00;0.00;0.00;0.00;0.00;Matches
134;Rudy Camacho;FRA;DF;Columbus Crew;35-215;1991;19;18;1550;17.2;0;0;0;0;0;0;6;0;0.00;0.00;0.00;0.00;0.00;Matches
135;Leonardo Campana;ECU;FW;NE Revolution;26-074;2000;2;1;109;1.2;1;0;1;1;0;0;0;0;0.83;0.00;0.83;0.83;0.83;Matches
136;Reggie Cannon;USA;DF;Colorado Rapids;28-117;1998;17;14;1171;13.0;2;0;2;2;0;0;5;0;0.15;0.00;0.15;0.15;0.15;Matches
137;Capita;ANG;MF,FW;Sporting KC;24-269;2002;16;15;1136;12.6;2;1;3;2;0;0;4;0;0.16;0.08;0.24;0.16;0.24;Matches
138;Christian Cappis;USA;MF;FC Dallas;27-054;1999;27;17;1625;18.1;0;1;1;0;0;0;4;0;0.00;0.06;0.06;0.00;0.06;Matches
139;Edson Carli;USA;MF;Seattle Sounders;19-044;2007;1;1;60;0.7;0;0;0;0;0;0;0;0;0.00;0.00;0.00;0.00;0.00;Matches
140;Antonio Carlos;BRA;DF;Houston;33-213;1993;17;15;1394;15.5;0;0;0;0;0;0;1;1;0.00;0.00;0.00;0.00;0.00;Matches
141;Wikelman Carmona;VEN;MF,FW;CF Montréal;23-224;2003;17;12;970;10.8;4;2;6;4;0;0;1;0;0.37;0.19;0.56;0.37;0.56;Matches
142;Maxi Carrizo;USA;MF;NYCFC;18-220;2008;6;0;92;1.0;0;0;0;0;0;0;0;0;0.00;0.00;0.00;0.00;0.00;Matches
143;Wilder Cartagena;PER;MF;Orlando City;32-013;1994;11;2;215;2.4;0;0;0;0;0;0;1;0;0.00;0.00;0.00;0.00;0.00;Matches
144;Cabral Carter;USA;GK;LAFC;22-093;2004;2;1;151;1.7;0;0;0;0;0;0;0;0;0.00;0.00;0.00;0.00;0.00;Matches
145;Casemiro;BRA;DF,MF;Inter Miami;34-225;1992;11;11;972;10.8;3;0;3;3;0;0;4;0;0.28;0.00;0.28;0.28;0.28;Matches
146;Pedro Castro;BRA;MF;RB New York;19-307;2006;1;0;27;0.3;0;0;0;0;0;0;0;0;0.00;0.00;0.00;0.00;0.00;Matches
147;Nico Cavallo;USA;DF;NYCFC;24-283;2001;16;14;1214;13.5;0;0;0;0;0;0;2;0;0.00;0.00;0.00;0.00;0.00;Matches
148;Brayan Ceballos;COL;DF;CF Montréal;25-135;2001;7;5;361;4.0;0;0;0;0;0;0;3;0;0.00;0.00;0.00;0.00;0.00;Matches
149;Brayan Ceballos;COL;DF;NE Revolution;25-135;2001;9;8;635;7.1;2;0;2;2;0;0;3;0;0.28;0.00;0.28;0.28;0.28;Matches
150;Roman Celentano;USA;GK;FC Cincinnati;26-022;2000;24;24;2160;24.0;0;0;0;0;0;0;1;0;0.00;0.00;0.00;0.00;0.00;Matches
151;Edwin Cerrillo;USA;MF;LA Galaxy;26-003;2000;16;14;1271;14.1;0;0;0;0;0;0;5;0;0.00;0.00;0.00;0.00;0.00;Matches
152;Dylan Chambost;FRA;MF;Columbus Crew;29-048;1997;23;15;1259;14.0;0;2;2;0;0;0;3;0;0.00;0.14;0.14;0.00;0.14;Matches
153;Tomás Chancalay;ARG;FW,MF;Minnesota Utd;27-278;1999;27;19;1706;19.0;4;3;7;4;0;0;4;0;0.21;0.16;0.37;0.21;0.37;Matches
154;Kieran Chandler;USA;DF;Minnesota Utd;21-119;2005;1;0;9;0.1;0;0;0;0;0;0;0;0;0.00;0.00;0.00;0.00;0.00;Matches
155;Diego Chará;COL;MF;Portland Timbers;40-184;1986;21;12;1261;14.0;0;0;0;0;0;0;5;0;0.00;0.00;0.00;0.00;0.00;Matches
156;Gabriel Chaves;BRA;MF,FW;LA Galaxy;25-237;2001;14;14;1211;13.5;5;4;9;5;0;0;5;1;0.37;0.30;0.67;0.37;0.67;Matches
157;Justin Che;USA;DF;RB New York;22-322;2003;17;15;1361;15.1;0;0;0;0;0;0;5;0;0.00;0.00;0.00;0.00;0.00;Matches
158;Yevhen Cheberko;UKR;DF,MF;Columbus Crew;28-256;1998;3;0;85;0.9;0;0;0;0;0;0;0;0;0.00;0.00;0.00;0.00;0.00;Matches
159;Yevhen Cheberko;UKR;DF,MF;LAFC;28-256;1998;13;13;1129;12.5;0;0;0;0;0;0;2;0;0.00;0.00;0.00;0.00;0.00;Matches
160;Daniel Chica;PAN;DF;Atlanta Utd;24-230;2002;1;0;36;0.4;0;0;0;0;0;0;0;0;0.00;0.00;0.00;0.00;0.00;Matches
161;Andrei Chirilă;USA;DF;FC Cincinnati;18-052;2008;9;7;672;7.5;1;1;2;1;0;0;1;0;0.13;0.13;0.27;0.13;0.27;Matches
162;Micah Chisholm;CAN;DF;Toronto FC;21-321;2004;2;0;66;0.7;0;0;0;0;0;0;0;0;0.00;0.00;0.00;0.00;0.00;Matches
163;Mathieu Choinière;CAN;MF;LAFC;27-241;1999;27;19;1708;19.0;2;3;5;2;0;0;2;0;0.11;0.16;0.26;0.11;0.26;Matches
164;Richard Chukwu;CAN;DF;Toronto FC;18-223;2008;1;1;70;0.8;0;0;0;0;0;0;0;0;0.00;0.00;0.00;0.00;0.00;Matches
165;José Cifuentes;ECU;MF;Toronto FC;27-208;1999;10;10;792;8.8;1;1;2;1;0;0;3;0;0.11;0.11;0.23;0.11;0.23;Matches
166;Markus Cimermancic;SVN;MF;Toronto FC;22-005;2004;10;9;718;8.0;1;0;1;1;0;0;1;0;0.13;0.00;0.13;0.13;0.13;Matches
167;Caden Clark;USA;MF;D.C. United;23-132;2003;7;0;89;1.0;0;0;0;0;0;0;1;0;0.00;0.00;0.00;0.00;0.00;Matches
168;Caden Clark;USA;MF;Seattle Sounders;23-132;2003;4;1;103;1.1;1;0;1;1;0;0;0;0;0.87;0.00;0.87;0.87;0.87;Matches
169;Will Cleary;USA;DF;Charlotte;23-231;2003;11;8;750;8.3;1;1;2;1;0;0;0;0;0.12;0.12;0.24;0.12;0.24;Matches
170;Stefan Cleveland;USA;GK;Sporting KC;32-134;1994;18;18;1620;18.0;0;0;0;0;0;0;0;0;0.00;0.00;0.00;0.00;0.00;Matches
171;Noah Cobb;USA;DF;Colorado Rapids;21-078;2005;14;3;426;4.7;0;0;0;0;0;0;2;0;0.00;0.00;0.00;0.00;0.00;Matches
172;Alonso Coello;ESP;MF;Toronto FC;26-359;1999;27;20;1882;20.9;0;4;4;0;0;0;5;0;0.00;0.19;0.19;0.00;0.19;Matches
173;Josh Cohen;USA;GK;Chicago Fire;34-049;1992;1;1;90;1.0;0;0;0;0;0;0;0;0;0.00;0.00;0.00;0.00;0.00;Matches
174;Michael Collodi;USA;GK;FC Dallas;25-134;2001;13;13;1170;13.0;0;0;0;0;0;0;2;0;0.00;0.00;0.00;0.00;0.00;Matches
175;Theo Corbeanu;CAN;MF,FW;Toronto FC;24-142;2002;14;9;810;9.0;2;3;5;2;0;0;1;0;0.22;0.33;0.56;0.22;0.56;Matches
176;Matthew Corcoran;USA;MF;Nashville SC;20-231;2006;24;19;1722;19.1;0;0;0;0;0;0;5;1;0.00;0.00;0.00;0.00;0.00;Matches
177;Sergio Córdova;VEN;FW,MF;St. Louis City;29-058;1997;10;4;495;5.5;1;0;1;1;0;0;1;0;0.18;0.00;0.18;0.18;0.18;Matches
178;David Costa;POR;MF;Portland Timbers;25-274;2001;23;23;1867;20.7;4;7;11;4;0;0;1;0;0.19;0.34;0.53;0.19;0.53;Matches
179;Vitor Costa;BRA;DF,MF;SJ Earthquakes;32-097;1994;11;4;465;5.2;0;0;0;0;0;0;0;0;0.00;0.00;0.00;0.00;0.00;Matches
180;Cade Cowell;USA;FW,MF;RB New York;22-357;2003;25;24;1673;18.6;2;5;7;2;0;0;2;0;0.11;0.27;0.38;0.11;0.38;Matches
181;Brandan Craig;USA;DF;CF Montréal;22-182;2004;13;4;605;6.7;0;0;0;0;0;0;3;0;0.00;0.00;0.00;0.00;0.00;Matches
182;Maxime Crépeau;CAN;GK;Orlando City;32-148;1994;26;26;2265;25.2;0;0;0;0;0;0;2;1;0.00;0.00;0.00;0.00;0.00;Matches
183;Andrés Cubas;PAR;MF;Vancouver;30-137;1996;21;20;1702;18.9;0;2;2;0;0;0;7;0;0.00;0.11;0.11;0.00;0.11;Matches
184;Mauricio Cuevas;USA;DF,MF;LA Galaxy;23-238;2003;12;7;723;8.0;0;0;0;0;0;0;4;0;0.00;0.00;0.00;0.00;0.00;Matches
185;Christopher Cupps;USA;DF;Chicago Fire;18-133;2008;2;0;44;0.5;0;0;0;0;0;0;0;0;0.00;0.00;0.00;0.00;0.00;Matches
186;Hugo Cuypers;BEL;FW;Chicago Fire;29-241;1997;11;11;989;11.0;13;0;13;11;2;4;1;0;1.18;0.00;1.18;1.00;1.00;Matches
187;Aleksa Cvetković;SRB;MF;Vancouver;21-146;2005;2;1;109;1.2;0;1;1;0;0;0;0;0;0.00;0.83;0.83;0.00;0.83;Matches
188;Jayden Da;USA;FW;NE Revolution;24-181;2002;1;0;9;0.1;0;0;0;0;0;0;0;0;0.00;0.00;0.00;0.00;0.00;Matches
189;Bruno Damiani;URU;FW;Philadelphia;24-171;2002;27;25;2065;22.9;8;2;10;8;0;0;5;0;0.35;0.09;0.44;0.35;0.44;Matches
190;Dagur Dan Þórhallsson;ISL;DF,MF;San Diego FC;26-157;2000;7;4;338;3.8;0;0;0;0;0;0;0;0;0.00;0.00;0.00;0.00;0.00;Matches
191;Dagur Dan Þórhallsson;ISL;MF,DF;CF Montréal;26-157;2000;10;7;606;6.7;1;0;1;1;0;0;0;0;0.15;0.00;0.15;0.15;0.15;Matches
192;Daniel;BRA;GK;FC Dallas;32-153;1994;4;4;288;3.2;0;0;0;0;0;0;0;0;0.00;0.00;0.00;0.00;0.00;Matches
193;Daniel;BRA;GK;SJ Earthquakes;32-153;1994;15;14;1327;14.7;0;0;0;0;0;0;4;0;0.00;0.00;0.00;0.00;0.00;Matches
194;Jesús Daniel Bueno;VEN;MF;Philadelphia;27-174;1999;21;9;858;9.5;1;1;2;1;0;0;4;0;0.10;0.10;0.21;0.10;0.21;Matches
195;Juan David Mosquera;COL;DF;Portland Timbers;24-031;2002;3;1;70;0.8;1;1;2;1;0;0;0;0;1.29;1.29;2.57;1.29;2.57;Matches
196;Jake Davis;USA;DF,MF;Sporting KC;24-276;2002;20;18;1544;17.2;0;2;2;0;0;0;3;0;0.00;0.12;0.12;0.00;0.12;Matches
197;Rodrigo De Paul;ARG;MF;Inter Miami;32-135;1994;22;22;1980;22.0;4;8;12;4;0;0;5;0;0.18;0.36;0.55;0.18;0.55;Matches
198;Osaze De Rosario;GUY;FW;Seattle Sounders;25-079;2001;18;7;675;7.5;2;0;2;2;0;0;0;0;0.27;0.00;0.27;0.27;0.27;Matches
199;Jonathan Dean;USA;DF;Chicago Fire;29-144;1997;22;17;1487;16.5;0;0;0;0;0;0;2;1;0.00;0.00;0.00;0.00;0.00;Matches
200;Louicius Deedson;HAI;MF;FC Dallas;25-237;2001;7;3;254;2.8;1;0;1;1;0;0;0;0;0.35;0.00;0.35;0.35;0.35;Matches
201;Marky Delgado;USA;MF;LAFC;31-143;1995;26;20;1866;20.7;2;3;5;2;0;0;4;0;0.10;0.14;0.24;0.10;0.24;Matches
202;Patrickson Delgado;ECU;MF,FW;FC Dallas;22-354;2003;17;9;700;7.8;3;0;3;3;0;0;3;0;0.39;0.00;0.39;0.39;0.39;Matches
203;Lovens Delinois;HAI;FW;Inter Miami;22-001;2004;2;0;23;0.3;0;0;0;0;0;0;0;0;0.00;0.00;0.00;0.00;0.00;Matches
204;Kévin Denkey;TOG;FW;FC Cincinnati;25-310;2000;24;22;1921;21.3;14;3;17;11;3;3;4;1;0.66;0.14;0.80;0.52;0.66;Matches
205;Mikkel Desler;DEN;DF;Austin FC;31-229;1995;17;12;1081;12.0;1;0;1;1;0;0;4;0;0.08;0.00;0.08;0.08;0.08;Matches
206;Yadaly Diaby;GUI;MF;Vancouver;26-058;2000;4;1;118;1.3;1;1;2;1;0;0;2;0;0.76;0.76;1.53;0.76;1.53;Matches
207;Djibril Diani;FRA;MF;Charlotte;28-237;1998;24;14;1231;13.7;0;1;1;0;0;0;6;0;0.00;0.07;0.07;0.00;0.07;Matches
208;Jefferson Díaz;COL;DF;Minnesota Utd;25-305;2000;25;22;1928;21.4;0;1;1;0;0;0;9;0;0.00;0.05;0.05;0.00;0.05;Matches
209;Paulo Díaz;CHI;DF;Atlanta Utd;32-042;1994;6;5;417;4.6;0;0;0;0;0;0;1;0;0.00;0.00;0.00;0.00;0.00;Matches
210;Mamadou Dieng;SEN;FW;Minnesota Utd;22-244;2004;18;5;502;5.6;0;0;0;0;0;0;1;0;0.00;0.00;0.00;0.00;0.00;Matches
211;Daryl Dike;USA;FW;Orlando City;26-125;2000;8;3;338;3.8;1;1;2;1;0;0;0;0;0.27;0.27;0.53;0.27;0.53;Matches
212;Griffin Dillon;USA;MF;Real Salt Lake;23-164;2003;10;4;378;4.2;0;0;0;0;0;0;1;0;0.00;0.00;0.00;0.00;0.00;Matches
213;Puso Dithejane;RSA;MF,FW;Chicago Fire;22-117;2004;19;4;565;6.3;2;1;3;2;0;0;2;0;0.32;0.16;0.48;0.32;0.48;Matches
214;Innocent Dje;CIV;MF;Chicago Fire;23-154;2003;25;21;1809;20.1;1;0;1;1;0;0;7;0;0.05;0.00;0.05;0.05;0.05;Matches
215;Nikola Djordjevic;USA;DF;Vancouver;23-326;2002;6;0;97;1.1;0;0;0;0;0;0;0;0;0.00;0.00;0.00;0.00;0.00;Matches
216;Ronald Donkor;GHA;MF;RB New York;21-320;2004;24;24;2080;23.1;2;4;6;2;0;0;8;0;0.09;0.17;0.26;0.09;0.26;Matches
217;Shane Donovan;USA;MF;Sporting KC;19-273;2007;1;0;1;0.0;0;0;0;0;0;0;0;0;0.00;0.00;0.00;0.00;0.00;Matches
218;Niklas Dorsch;GER;MF;Toronto FC;28-264;1998;7;7;559;6.2;2;0;2;2;0;0;1;0;0.32;0.00;0.32;0.32;0.32;Matches
219;Griffin Dorsey;USA;DF,MF;Orlando City;27-215;1999;21;20;1684;18.7;3;1;4;3;0;0;1;0;0.16;0.05;0.21;0.16;0.21;Matches
220;C.J. dos Santos;CPV;GK;San Diego FC;26-043;2000;12;12;1068;11.9;0;0;0;0;0;0;3;1;0.00;0.00;0.00;0.00;0.00;Matches
221;Matthew Dos Santos;USA;DF;RB New York;18-123;2008;24;23;1616;18.0;0;0;0;0;0;0;1;0;0.00;0.00;0.00;0.00;0.00;Matches
222;Hassani Dotson;USA;MF;Seattle Sounders;29-061;1997;19;12;1051;11.7;2;0;2;2;0;0;6;0;0.17;0.00;0.17;0.17;0.17;Matches
223;David Douděra;CZE;DF,MF;FC Cincinnati;28-128;1998;1;0;33;0.4;0;0;0;0;0;0;0;0;0.00;0.00;0.00;0.00;0.00;Matches
224;Enzo Dovlo;FRA;MF;Atlanta Utd;23-075;2003;1;0;21;0.2;0;0;0;0;0;0;0;0;0.00;0.00;0.00;0.00;0.00;Matches
225;Damion Downs;USA;FW;St. Louis City;22-092;2004;4;0;26;0.3;0;0;0;0;0;0;0;0;0.00;0.00;0.00;0.00;0.00;Matches
226;Andre Dozzell;ENG;MF,DF;D.C. United;27-157;1999;11;11;972;10.8;0;0;0;0;0;0;3;0;0.00;0.00;0.00;0.00;0.00;Matches
227;Anders Dreyer;DEN;FW,MF;San Diego FC;28-157;1998;26;25;2273;25.3;11;11;22;7;4;4;3;1;0.44;0.44;0.87;0.28;0.71;Matches
228;Manu Duah;GHA;DF;San Diego FC;21-123;2005;26;26;2279;25.3;0;1;1;0;0;0;1;1;0.00;0.04;0.04;0.00;0.04;Matches
229;Nicolás Dubersarsky;ARG;MF;Austin FC;21-289;2004;11;7;659;7.3;0;0;0;0;0;0;2;0;0.00;0.00;0.00;0.00;0.00;Matches
230;Morris Duggan;GER;DF;Minnesota Utd;25-347;2000;26;26;2322;25.8;1;0;1;1;0;0;5;0;0.04;0.00;0.04;0.04;0.04;Matches
231;Bryce Duke;USA;DF;San Diego FC;25-220;2001;5;1;79;0.9;0;0;0;0;0;0;1;0;0.00;0.00;0.00;0.00;0.00;Matches
232;Cameron Dunbar;USA;FW,MF;Atlanta Utd;23-349;2002;1;0;5;0.1;0;0;0;0;0;0;0;0;0.00;0.00;0.00;0.00;0.00;Matches
233;Kyle Duncan;USA;MF,DF;Minnesota Utd;29-059;1997;23;21;1669;18.5;1;2;3;1;0;0;5;1;0.05;0.11;0.16;0.05;0.16;Matches
234;Chris Durkin;USA;MF;St. Louis City;26-240;2000;24;23;2018;22.4;2;1;3;2;0;0;11;1;0.09;0.04;0.13;0.09;0.13;Matches
235;Jeremy Ebobisse;USA;FW;LAFC;29-234;1997;15;4;476;5.3;0;0;0;0;0;0;0;0;0.00;0.00;0.00;0.00;0.00;Matches
236;Ender Echenique;VEN;MF;FC Cincinnati;22-187;2004;23;18;1499;16.7;1;5;6;1;0;0;1;0;0.06;0.30;0.36;0.06;0.36;Matches
237;Daniel Edelman;USA;MF;St. Louis City;23-161;2003;26;24;2121;23.6;4;3;7;4;0;0;2;0;0.17;0.13;0.30;0.17;0.30;Matches
238;Earl Edwards Jr.;USA;GK;SJ Earthquakes;34-255;1992;2;2;113;1.3;0;0;0;0;0;0;1;0;0.00;0.00;0.00;0.00;0.00;Matches
239;Matthew Edwards;USA;DF,MF;Atlanta Utd;23-231;2003;18;8;837;9.3;0;1;1;0;0;0;3;0;0.00;0.11;0.11;0.00;0.11;Matches
240;Raheem Edwards;CAN;DF,MF;Toronto FC;31-083;1995;13;9;748;8.3;0;0;0;0;0;0;3;1;0.00;0.00;0.00;0.00;0.00;Matches
241;Wilson Eisner;USA;DF;San Diego FC;24-156;2002;4;0;113;1.3;0;0;0;0;0;0;0;0;0.00;0.00;0.00;0.00;0.00;Matches
242;Troy Elgersma;;MF;LA Galaxy;;;6;0;61;0.7;1;0;1;1;0;0;0;0;1.48;0.00;1.48;1.48;1.48;Matches
243;Jack Elliott;ENG;DF;Chicago Fire;31-042;1995;24;23;2019;22.4;0;2;2;0;0;0;5;0;0.00;0.09;0.09;0.00;0.09;Matches
244;Justin Ellis;USA;FW,MF;Orlando City;19-145;2007;19;16;1302;14.5;1;9;10;1;0;0;1;0;0.07;0.62;0.69;0.07;0.69;Matches
245;Rayan Elloumi;TUN;FW;Vancouver;19-019;2007;20;2;371;4.1;2;0;2;2;0;0;0;0;0.49;0.00;0.49;0.49;0.49;Matches
246;Breel Embolo;SUI;FW;Atlanta Utd;29-234;1997;5;5;437;4.9;1;0;1;0;1;1;0;0;0.21;0.00;0.21;0.00;0.00;Matches
247;Emeka Eneli;USA;MF;Real Salt Lake;26-353;1999;1;0;26;0.3;0;0;0;0;0;0;0;0;0.00;0.00;0.00;0.00;0.00;Matches
248;Lukas Engel;DEN;DF;Real Salt Lake;27-296;1998;14;14;1137;12.6;1;0;1;1;0;0;0;0;0.08;0.00;0.08;0.08;0.08;Matches
249;Lawrence Ennali;GER;DF,MF;Houston;24-213;2002;27;25;2197;24.4;3;3;6;3;0;0;4;0;0.12;0.12;0.25;0.12;0.25;Matches
250;Olger Escobar;GUA;MF,FW;CF Montréal;20-025;2006;19;4;369;4.1;0;0;0;0;0;0;2;0;0.00;0.00;0.00;0.00;0.00;Matches
251;Cristian Espinoza;ARG;MF,FW;Nashville SC;31-186;1995;23;19;1673;18.6;4;11;15;4;0;0;1;0;0.22;0.59;0.81;0.22;0.81;Matches
252;Derrick Etienne;HAI;MF,FW;Toronto FC;29-315;1996;22;13;1171;13.0;4;1;5;4;0;0;1;0;0.31;0.08;0.38;0.31;0.38;Matches
253;Stephen Eustáquio;CAN;MF;LAFC;29-289;1996;10;7;601;6.7;1;1;2;1;0;0;0;0;0.15;0.15;0.30;0.15;0.30;Matches
254;Evander;BRA;MF,FW;FC Cincinnati;28-119;1998;24;23;1963;21.8;13;10;23;10;3;3;4;0;0.60;0.46;1.05;0.46;0.92;Matches
255;Matthew Evans;GUA;MF;LAFC;20-134;2006;1;1;55;0.6;0;1;1;0;0;0;1;0;0.00;1.64;1.64;0.00;1.64;Matches
256;Connor Faello;;DF;RB New York;;;1;0;28;0.3;0;0;0;0;0;0;0;0;0.00;0.00;0.00;0.00;0.00;Matches
257;Diego Fagúndez;URU;MF;NE Revolution;31-234;1995;15;1;228;2.5;0;1;1;0;0;0;0;0;0.00;0.39;0.39;0.00;0.39;Matches
258;Maximiliano Falcón;URU;DF;Inter Miami;29-158;1997;17;16;1453;16.1;0;0;0;0;0;0;5;0;0.00;0.00;0.00;0.00;0.00;Matches
259;Fallou Fall;SEN;DF;St. Louis City;22-174;2004;10;5;506;5.6;1;0;1;1;0;0;3;0;0.18;0.00;0.18;0.18;0.18;Matches
260;Mamadou Fall;SEN;DF;St. Louis City;23-319;2002;3;0;35;0.4;0;0;0;0;0;0;1;0;0.00;0.00;0.00;0.00;0.00;Matches
261;Saied Farchi;ISR;FW;Colorado Rapids;20-148;2006;2;1;99;1.1;0;0;0;0;0;0;0;0;0.00;0.00;0.00;0.00;0.00;Matches
262;Arnau Farnós;ESP;MF;NYCFC;23-261;2003;8;2;159;1.8;0;0;0;0;0;0;0;0;0.00;0.00;0.00;0.00;0.00;Matches
263;Andrew Farrell;USA;DF;NE Revolution;34-187;1992;1;1;90;1.0;0;0;0;0;0;0;0;0;0.00;0.00;0.00;0.00;0.00;Matches
264;Logan Farrington;USA;FW;FC Dallas;24-296;2001;26;16;1371;15.2;9;3;12;8;1;1;3;0;0.59;0.20;0.79;0.53;0.72;Matches
265;Mohamed Farsi;ALG;MF,DF;Columbus Crew;26-294;1999;16;12;1032;11.5;2;3;5;2;0;0;0;0;0.17;0.26;0.44;0.17;0.44;Matches
266;Ilay Feingold;ISR;DF;NE Revolution;22-044;2004;14;8;725;8.1;1;1;2;1;0;0;2;0;0.12;0.12;0.25;0.12;0.25;Matches
267;Nick Fernandez;USA;MF;SJ Earthquakes;24-288;2001;20;7;631;7.0;1;2;3;1;0;0;1;0;0.14;0.29;0.43;0.14;0.43;Matches
268;Nicolás Fernández;ARG;FW,MF;NYCFC;26-268;2000;26;26;2308;25.6;15;4;19;11;4;4;8;0;0.58;0.16;0.74;0.43;0.58;Matches
269;Omir Fernandez;USA;FW;Portland Timbers;27-240;1999;7;1;122;1.4;0;0;0;0;0;0;0;0;0.00;0.00;0.00;0.00;0.00;Matches
270;Duran Ferree;USA;GK;San Diego FC;20-008;2006;16;14;1270;14.1;0;0;0;0;0;0;0;0;0.00;0.00;0.00;0.00;0.00;Matches
271;Jesús Ferreira;USA;MF;Seattle Sounders;25-286;2000;18;15;1170;13.0;2;3;5;2;0;1;1;0;0.15;0.23;0.38;0.15;0.38;Matches
272;Riquelme Fillipi;BRA;FW;Inter Miami;20-021;2006;1;0;20;0.2;0;0;0;0;0;0;0;0;0.00;0.00;0.00;0.00;0.00;Matches
273;Dominik Fitz;AUT;FW,MF;Minnesota Utd;27-112;1999;1;0;8;0.1;0;0;0;0;0;0;0;0;0.00;0.00;0.00;0.00;0.00;Matches
274;Kristian Fletcher;USA;FW;FC Cincinnati;21-061;2005;2;0;31;0.3;0;0;0;0;0;0;0;0;0.00;0.00;0.00;0.00;0.00;Matches
275;Gilberto Flores;PAR;DF;FC Cincinnati;23-188;2003;7;4;303;3.4;0;0;0;0;0;0;1;0;0.00;0.00;0.00;0.00;0.00;Matches
276;Max Floriani;USA;DF;SJ Earthquakes;23-242;2003;6;4;405;4.5;0;0;0;0;0;0;2;1;0.00;0.00;0.00;0.00;0.00;Matches
277;CJ Fodrey;USA;FW,MF;Austin FC;22-238;2004;14;3;305;3.4;0;0;0;0;0;0;1;0;0.00;0.00;0.00;0.00;0.00;Matches
278;Mamadou Fofana;MLI;DF;NE Revolution;28-258;1998;26;26;2340;26.0;1;1;2;1;0;0;4;0;0.04;0.04;0.08;0.04;0.08;Matches
279;Emil Forsberg;SWE;MF;RB New York;34-348;1991;24;22;1758;19.5;3;4;7;3;0;0;1;0;0.15;0.20;0.36;0.15;0.36;Matches
280;Ajani Fortune;TRI;MF;Atlanta Utd;23-280;2002;14;7;592;6.6;3;0;3;3;0;0;0;0;0.46;0.00;0.46;0.46;0.46;Matches
281;Jimer Fory;COL;DF;Portland Timbers;24-135;2002;25;25;2056;22.8;0;2;2;0;0;0;3;1;0.00;0.09;0.09;0.00;0.09;Matches
282;Lyle Foster;RSA;FW,MF;Houston;26-033;2000;1;0;20;0.2;0;0;0;0;0;0;0;0;0.00;0.00;0.00;0.00;0.00;Matches
283;Kobe Franklin;CAN;DF,MF;Toronto FC;23-149;2003;19;14;1183;13.1;2;2;4;2;0;0;0;0;0.15;0.15;0.30;0.15;0.30;Matches
284;Ian Fray;JAM;DF;Inter Miami;24-036;2002;20;18;1421;15.8;1;2;3;1;0;0;7;0;0.06;0.13;0.19;0.06;0.19;Matches
285;Wayne Frederick;TRI;MF;Colorado Rapids;22-115;2004;23;17;1530;17.0;2;2;4;2;0;0;2;1;0.12;0.12;0.24;0.12;0.24;Matches
286;Matt Freese;USA;GK;NYCFC;28-034;1998;26;26;2340;26.0;0;0;0;0;0;0;1;0;0.00;0.00;0.00;0.00;0.00;Matches
287;Malcolm Fry;USA;FW;NE Revolution;21-144;2005;4;0;46;0.5;0;0;0;0;0;0;0;0;0.00;0.00;0.00;0.00;0.00;Matches
288;Kyogo Furuhashi;JPN;FW;LA Galaxy;31-259;1995;10;8;614;6.8;0;0;0;0;0;0;0;0;0.00;0.00;0.00;0.00;0.00;Matches
289;Charlie Gaffney;USA;DF;Seattle Sounders;23-069;2003;1;0;6;0.1;0;0;0;0;0;0;0;0;0.00;0.00;0.00;0.00;0.00;Matches
290;Matías Galarza;PAR;MF;Inter Miami;24-237;2002;2;1;93;1.0;0;0;0;0;0;0;1;0;0.00;0.00;0.00;0.00;0.00;Matches
291;Matías Galarza;PAR;MF,FW;Atlanta Utd;24-237;2002;10;8;663;7.4;0;0;0;0;0;0;2;0;0.00;0.00;0.00;0.00;0.00;Matches
292;Jon Gallagher;IRL;MF,DF;Austin FC;30-225;1996;26;24;2026;22.5;0;2;2;0;0;0;1;0;0.00;0.09;0.09;0.00;0.09;Matches
293;Giuliano Galoppo;ARG;MF;Atlanta Utd;27-110;1999;2;2;149;1.7;1;0;1;1;0;0;1;0;0.60;0.00;0.60;0.60;0.60;Matches
294;Carlos Garcés;COL;DF;LA Galaxy;24-360;2001;16;9;807;9.0;0;1;1;0;0;0;6;3;0.00;0.11;0.11;0.00;0.11;Matches
295;Manu García;ESP;MF,FW;Sporting KC;28-277;1998;18;14;1250;13.9;2;4;6;2;0;0;3;0;0.14;0.29;0.43;0.14;0.43;Matches
296;Ryan Gauld;SCO;MF;Vancouver;30-294;1995;12;7;704;7.8;3;1;4;3;0;1;2;0;0.38;0.13;0.51;0.38;0.51;Matches
297;Luka Gavran;CAN;GK;Toronto FC;26-150;2000;27;27;2430;27.0;1;0;1;1;0;0;1;0;0.04;0.00;0.04;0.04;0.04;Matches
298;Dániel Gazdag;HUN;FW,MF;NE Revolution;30-218;1996;5;3;281;3.1;1;0;1;1;0;0;0;0;0.32;0.00;0.32;0.32;0.32;Matches
299;Dániel Gazdag;HUN;FW,MF;Columbus Crew;30-218;1996;17;10;800;8.9;3;0;3;1;2;2;0;0;0.34;0.00;0.34;0.11;0.11;Matches
300;Owen Géne;FRA;MF;Minnesota Utd;23-201;2003;26;19;1671;18.6;0;1;1;0;0;0;4;0;0.00;0.05;0.05;0.00;0.05;Matches
301;Joran Gerbet;FRA;MF;Orlando City;25-098;2001;8;7;473;5.3;0;1;1;0;0;0;2;0;0.00;0.19;0.19;0.00;0.19;Matches
302;Mihail Gherasimencov;MDA;DF;Vancouver;21-195;2005;8;3;342;3.8;0;0;0;0;0;0;0;0;0.00;0.00;0.00;0.00;0.00;Matches
303;Laurtaro Giaccone;ARG;MF;Columbus Crew;25-247;2001;5;2;153;1.7;0;0;0;0;0;0;0;0;0.00;0.00;0.00;0.00;0.00;Matches
304;Samuel Gidi;SVK;DF,MF;FC Cincinnati;22-174;2004;25;21;1828;20.3;0;1;1;0;0;0;4;0;0.00;0.05;0.05;0.00;0.05;Matches
305;Carles Gil;ESP;MF;NE Revolution;33-318;1992;27;27;2410;26.8;12;4;16;6;6;7;3;0;0.45;0.15;0.60;0.22;0.37;Matches
306;Adrian Gill;USA;MF;Atlanta Utd;20-276;2006;6;3;340;3.8;0;0;0;0;0;0;2;0;0.00;0.00;0.00;0.00;0.00;Matches
307;Thomas Gillier;CHI;GK;CF Montréal;22-131;2004;19;19;1710;19.0;0;0;0;0;0;0;3;0;0.00;0.00;0.00;0.00;0.00;Matches
308;Jackson Gilman;USA;DF;Toronto FC;22-160;2004;12;10;904;10.0;0;0;0;0;0;0;1;0;0.00;0.00;0.00;0.00;0.00;Matches
309;Justen Glad;USA;DF;Real Salt Lake;29-220;1997;12;12;1050;11.7;0;1;1;0;0;0;0;0;0.00;0.09;0.09;0.00;0.09;Matches
310;Jakob Glesnes;NOR;DF;LA Galaxy;32-195;1994;21;21;1845;20.5;0;0;0;0;0;0;6;0;0.00;0.00;0.00;0.00;0.00;Matches
311;Aníbal Godoy;PAN;MF;San Diego FC;36-238;1990;25;18;1488;16.5;1;1;2;1;0;0;4;0;0.06;0.06;0.12;0.06;0.12;Matches
312;André Gomes;POR;MF;Columbus Crew;33-068;1993;19;16;1391;15.5;1;0;1;1;0;0;3;0;0.06;0.00;0.06;0.06;0.06;Matches
313;Yeimar Gómez Andrade;COL;DF;Seattle Sounders;34-098;1992;5;3;177;2.0;0;0;0;0;0;0;0;0;0.00;0.00;0.00;0.00;0.00;Matches
314;Ignacio Gómez;ARG;MF;Orlando City;20-185;2006;2;0;14;0.2;1;0;1;1;0;0;1;0;6.43;0.00;6.43;6.43;6.43;Matches
315;Johan Gomez;USA;MF,FW;Chicago Fire;25-075;2001;4;2;158;1.8;1;0;1;1;0;0;0;0;0.57;0.00;0.57;0.57;0.57;Matches
316;Sebastian Gomez;USA;MF;Seattle Sounders;20-138;2006;14;4;633;7.0;1;2;3;1;0;0;1;0;0.14;0.28;0.43;0.14;0.43;Matches
317;Nicksoen Gomis;FRA;DF;Toronto FC;24-205;2002;7;2;237;2.6;0;0;0;0;0;0;0;0;0.00;0.00;0.00;0.00;0.00;Matches
318;Jonathan González;MEX;MF;SJ Earthquakes;27-176;1999;11;4;240;2.7;0;0;0;0;0;0;1;0;0.00;0.00;0.00;0.00;0.00;Matches
319;Mauricio Gonzalez;;MF;Minnesota Utd;;;15;0;184;2.0;2;0;2;2;0;0;0;0;0.98;0.00;0.98;0.98;0.98;Matches
320;Archie Goodwin;AUS;FW;Charlotte;21-333;2004;24;4;432;4.8;3;0;3;2;1;1;1;0;0.62;0.00;0.62;0.42;0.42;Matches
321;Zavier Gozo;USA;MF,FW;Real Salt Lake;19-198;2007;16;16;1415;15.7;6;4;10;6;0;0;4;0;0.38;0.25;0.64;0.38;0.64;Matches
322;Owen Graham Roache;CAN;FW;CF Montréal;18-237;2008;2;0;19;0.2;0;0;0;0;0;0;0;0;0.00;0.00;0.00;0.00;0.00;Matches
323;Tayvon Gray;JAM;DF;NYCFC;24-048;2002;23;23;1972;21.9;1;1;2;1;0;0;6;1;0.05;0.05;0.09;0.05;0.09;Matches
324;Julian Gressel;USA;DF,MF;Minnesota Utd;32-294;1993;4;0;58;0.6;0;0;0;0;0;0;1;0;0.00;0.00;0.00;0.00;0.00;Matches
325;Antoine Griezmann;FRA;FW,MF;Orlando City;35-199;1991;11;11;969;10.8;8;4;12;8;0;0;1;0;0.74;0.37;1.11;0.74;1.11;Matches
326;Jordan Griffin;USA;DF;Philadelphia;17-346;2008;1;0;1;0.0;0;0;0;0;0;0;0;0;0.00;0.00;0.00;0.00;0.00;Matches
327;Yuri Guboglo;HAI;DF;CF Montréal;19-200;2007;1;1;62;0.7;0;0;0;0;0;0;0;0;0.00;0.00;0.00;0.00;0.00;Matches
328;Gage Guerra;USA;FW;Portland Timbers;23-289;2002;11;4;387;4.3;1;2;3;1;0;0;0;0;0.23;0.47;0.70;0.23;0.70;Matches
329;Morgan Guilavogui;GUI;FW,MF;Real Salt Lake;28-210;1998;21;17;1466;16.3;2;5;7;2;0;0;7;1;0.12;0.31;0.43;0.12;0.43;Matches
330;Guilherme;BRA;MF,FW;Houston;31-176;1995;26;25;2207;24.5;14;6;20;13;1;1;3;0;0.57;0.24;0.82;0.53;0.77;Matches
331;Angus Gunn;SCO;GK;SJ Earthquakes;30-257;1996;11;11;990;11.0;0;0;0;0;0;0;0;0;0.00;0.00;0.00;0.00;0.00;Matches
332;Colin Guske;USA;MF;Orlando City;19-250;2007;6;2;285;3.2;0;0;0;0;0;0;2;1;0.00;0.00;0.00;0.00;0.00;Matches
333;Colin Guske;USA;MF;Real Salt Lake;19-250;2007;7;2;256;2.8;0;0;0;0;0;0;3;0;0.00;0.00;0.00;0.00;0.00;Matches
334;Raul Gustavo;BRA;DF;NYCFC;27-165;1999;21;14;1377;15.3;0;0;0;0;0;0;4;0;0.00;0.00;0.00;0.00;0.00;Matches
335;Andrew Gutman;USA;DF;Chicago Fire;30-004;1996;21;17;1556;17.3;1;4;5;1;0;0;3;0;0.06;0.23;0.29;0.06;0.29;Matches
336;Justin Haak;USA;DF,MF;LA Galaxy;25-024;2001;27;25;2259;25.1;1;1;2;1;0;0;4;0;0.04;0.04;0.08;0.04;0.08;Matches
337;Taha Habroune;USA;MF,FW;Columbus Crew;20-243;2006;26;21;1792;19.9;2;2;4;2;0;0;3;0;0.10;0.10;0.20;0.10;0.20;Matches
338;Teenage Hadebe;ZIM;DF;FC Cincinnati;31-019;1995;14;4;471;5.2;0;0;0;0;0;0;2;0;0.00;0.00;0.00;0.00;0.00;Matches
339;Nick Hagglund;USA;DF;FC Cincinnati;34-022;1992;17;12;1113;12.4;1;0;1;1;0;0;1;0;0.08;0.00;0.08;0.08;0.08;Matches
340;Maren Haile-Selassie;SUI;MF,FW;Chicago Fire;27-207;1999;26;20;1817;20.2;8;4;12;8;0;0;1;0;0.40;0.20;0.59;0.40;0.59;Matches
341;Julian Hall;USA;FW;RB New York;18-196;2008;26;25;2192;24.4;10;3;13;10;0;0;0;0;0.41;0.12;0.53;0.41;0.53;Matches
342;Lucas Halter;BRA;DF;Houston;26-157;2000;15;15;1293;14.4;0;0;0;0;0;0;4;0;0.00;0.00;0.00;0.00;0.00;Matches
343;Nicholas Hansen;DEN;GK;Colorado Rapids;25-088;2001;16;16;1440;16.0;0;0;0;0;0;0;0;0;0.00;0.00;0.00;0.00;0.00;Matches
344;Ian Harkes;USA;MF;SJ Earthquakes;31-190;1995;25;6;1003;11.1;0;0;0;0;0;0;2;0;0.00;0.00;0.00;0.00;0.00;Matches
345;Cameron Harper;USA;FW;RB New York;24-321;2001;8;2;263;2.9;1;1;2;1;0;0;0;0;0.34;0.34;0.68;0.34;0.68;Matches
346;Nathan Harriel;USA;DF;Philadelphia;25-166;2001;27;27;2410;26.8;1;2;3;1;0;0;4;0;0.04;0.07;0.11;0.04;0.11;Matches
347;Alex Harris;USA;FW;Colorado Rapids;21-232;2005;9;1;177;2.0;0;0;0;0;0;0;1;0;0.00;0.00;0.00;0.00;0.00;Matches
348;Calvin Harris;ENG;MF,FW;Sporting KC;26-200;2000;26;24;2022;22.5;4;4;8;4;0;0;3;0;0.18;0.18;0.36;0.18;0.36;Matches
349;Wilson Harris;USA;FW;NE Revolution;26-312;1999;13;1;193;2.1;1;0;1;1;0;0;1;0;0.47;0.00;0.47;0.47;0.47;Matches
350;Jack Harrison;ENG;MF,FW;NE Revolution;29-320;1996;7;6;547;6.1;0;3;3;0;0;0;2;0;0.00;0.49;0.49;0.00;0.49;Matches
351;Marcel Hartel;GER;MF,FW;St. Louis City;30-260;1996;16;15;1370;15.2;6;3;9;6;0;0;0;0;0.39;0.20;0.59;0.39;0.59;Matches
352;Carlos Harvey;PAN;DF;Minnesota Utd;26-245;2000;12;3;374;4.2;0;1;1;0;0;0;1;0;0.00;0.24;0.24;0.00;0.24;Matches
353;Thomas Hasal;CAN;GK;LAFC;27-089;1999;3;3;209;2.3;0;0;0;0;0;0;0;0;0.00;0.00;0.00;0.00;0.00;Matches
354;Stuart Hawkins;USA;DF;Seattle Sounders;20-018;2006;13;10;903;10.0;1;0;1;1;0;0;1;0;0.10;0.00;0.10;0.10;0.10;Matches
355;Silvan Hefti;SUI;DF;D.C. United;28-346;1997;23;23;1970;21.9;1;2;3;1;0;0;6;1;0.05;0.09;0.14;0.05;0.14;Matches
356;Kobi Henry;TRI;DF;Real Salt Lake;22-163;2004;7;6;541;6.0;0;0;0;0;0;0;2;0;0.00;0.00;0.00;0.00;0.00;Matches
357;Malik Henry;CAN;MF;Toronto FC;24-075;2002;16;5;575;6.4;0;0;0;0;0;0;3;0;0.00;0.00;0.00;0.00;0.00;Matches
358;Fabian Herbers;GER;MF;CF Montréal;33-050;1993;16;6;694;7.7;1;0;1;1;0;0;2;0;0.13;0.00;0.13;0.13;0.13;Matches
359;Ronald Hernández;VEN;DF;Portland Timbers;29-015;1997;4;3;290;3.2;0;0;0;0;0;0;0;0;0.00;0.00;0.00;0.00;0.00;Matches
360;Ronald Hernández;VEN;DF;Atlanta Utd;29-015;1997;7;2;241;2.7;0;0;0;0;0;0;1;0;0.00;0.00;0.00;0.00;0.00;Matches
361;Aaron Herrera;GUA;MF;D.C. United;29-122;1997;7;4;387;4.3;0;0;0;0;0;0;1;0;0.00;0.00;0.00;0.00;0.00;Matches
362;Héctor Herrera;MEX;MF;Houston;36-170;1990;26;16;1489;16.5;2;0;2;2;0;0;2;1;0.12;0.00;0.12;0.12;0.12;Matches
363;Marcelo Herrera;ARG;DF,MF;Columbus Crew;27-337;1998;18;9;932;10.4;0;1;1;0;0;0;2;0;0.00;0.10;0.10;0.00;0.10;Matches
364;Lucas Herrington;AUS;DF;Colorado Rapids;19-031;2007;18;17;1531;17.0;1;1;2;1;0;0;4;0;0.06;0.06;0.12;0.06;0.12;Matches
365;Son Heung-min;KOR;FW,MF;LAFC;34-090;1992;25;23;2019;22.4;6;10;16;6;0;0;2;0;0.27;0.45;0.71;0.27;0.71;Matches
366;Aiden Hezarkhani;USA;FW,MF;Real Salt Lake;19-100;2007;22;13;961;10.7;3;0;3;3;0;0;2;0;0.28;0.00;0.28;0.28;0.28;Matches
367;Bode Hidalgo;USA;DF;CF Montréal;24-226;2002;4;2;255;2.8;0;0;0;0;0;0;0;0;0.00;0.00;0.00;0.00;0.00;Matches
368;Brendan Hines-Ike;USA;DF;Austin FC;31-310;1994;21;17;1497;16.6;2;0;2;2;0;0;2;0;0.12;0.00;0.12;0.12;0.12;Matches
369;Bongokuhle Hlongwane;RSA;MF;Minnesota Utd;26-108;2000;16;5;619;6.9;0;1;1;0;0;0;1;0;0.00;0.15;0.15;0.00;0.15;Matches
370;Rob Holding;ENG;DF;Colorado Rapids;31-016;1995;24;23;1877;20.9;0;1;1;0;0;0;3;2;0.00;0.05;0.05;0.00;0.05;Matches
371;Ryan Hollingshead;USA;DF,MF;LAFC;35-173;1991;23;17;1561;17.3;1;1;2;1;0;0;2;0;0.06;0.06;0.12;0.06;0.12;Matches
372;Duane Holmes;USA;MF,DF;Houston;31-334;1994;15;7;574;6.4;0;0;0;0;0;0;2;0;0.00;0.00;0.00;0.00;0.00;Matches
373;Carlo Holse;DEN;FW,MF;St. Louis City;27-126;1999;9;4;400;4.4;3;1;4;3;0;0;1;0;0.68;0.23;0.90;0.68;0.90;Matches
374;Clay Holstad;USA;MF;FC Dallas;26-267;2000;2;0;18;0.2;0;0;0;0;0;0;0;0;0.00;0.00;0.00;0.00;0.00;Matches
375;Jackson Hopkins;USA;FW,MF;D.C. United;22-097;2004;26;23;1703;18.9;2;1;3;2;0;0;4;0;0.11;0.05;0.16;0.11;0.16;Matches
376;Ethan Horvath;USA;GK;RB New York;31-119;1995;27;27;2430;27.0;0;0;0;0;0;0;0;0;0.00;0.00;0.00;0.00;0.00;Matches
377;Lucas Hoyos;ARG;GK;Atlanta Utd;37-160;1989;27;27;2430;27.0;0;0;0;0;0;0;3;0;0.00;0.00;0.00;0.00;0.00;Matches
378;Keegan Hughes;USA;DF;NE Revolution;26-076;2000;1;1;81;0.9;0;0;0;0;0;0;0;0;0.00;0.00;0.00;0.00;0.00;Matches
379;Iago;BRA;DF;Orlando City;21-171;2005;17;13;1220;13.6;0;0;0;0;0;0;6;0;0.00;0.00;0.00;0.00;0.00;Matches
380;Sebastien Ibeagha;USA;DF;FC Dallas;34-258;1992;27;19;1745;19.4;1;1;2;1;0;0;2;0;0.05;0.05;0.10;0.05;0.10;Matches
381;Aliyu Ibrahim;NGA;MF;Houston;24-263;2002;20;5;595;6.6;2;0;2;2;0;0;2;1;0.30;0.00;0.30;0.30;0.30;Matches
382;Igor;BRA;MF;LAFC;23-213;2003;3;1;90;1.0;0;0;0;0;0;0;0;0;0.00;0.00;0.00;0.00;0.00;Matches
383;Mitja Ilenič;SVN;DF;NYCFC;21-284;2004;5;2;237;2.6;0;0;0;0;0;0;0;0;0.00;0.00;0.00;0.00;0.00;Matches
384;Milan Iloski;USA;FW,MF;Philadelphia;27-069;1999;27;26;2171;24.1;16;2;18;12;4;5;4;0;0.66;0.08;0.75;0.50;0.58;Matches
385;André Inácio;BRA;MF;Sporting KC;24-225;2002;6;5;390;4.3;5;1;6;5;0;0;1;0;1.15;0.23;1.38;1.15;1.38;Matches
386;Marcus Ingvartsen;DEN;FW;San Diego FC;30-275;1996;23;20;1679;18.7;12;3;15;11;1;1;1;0;0.64;0.16;0.80;0.59;0.75;Matches
387;Eric Izoita;USA;MF;Portland Timbers;19-028;2007;2;1;114;1.3;1;1;2;1;0;0;0;0;0.79;0.79;1.58;0.79;1.58;Matches
388;Ayoub Jabbari;MAR;FW;FC Cincinnati;26-249;2000;23;6;607;6.7;2;2;4;2;0;0;1;0;0.30;0.30;0.59;0.30;0.59;Matches
389;Aziel Jackson;USA;FW,MF;Minnesota Utd;24-347;2001;3;0;38;0.4;0;0;0;0;0;0;0;0;0.00;0.00;0.00;0.00;0.00;Matches
390;Aziel Jackson;USA;MF;Vancouver;24-347;2001;10;7;526;5.8;1;1;2;1;0;0;0;0;0.17;0.17;0.34;0.17;0.34;Matches
391;Tomás Jacob;ARG;DF;Atlanta Utd;22-169;2004;24;24;1988;22.1;3;2;5;3;0;0;7;0;0.14;0.09;0.23;0.14;0.23;Matches
392;Ivan Jaime Pajuelo;ESP;MF,FW;CF Montréal;26-010;2000;12;10;826;9.2;1;1;2;1;0;0;1;0;0.11;0.11;0.22;0.11;0.22;Matches
393;Malik Jakupović;USA;FW;Philadelphia;17-104;2009;7;0;86;1.0;1;0;1;1;0;0;0;0;1.05;0.00;1.05;1.05;1.05;Matches
394;Ian James;USA;DF;Sporting KC;18-122;2008;13;9;876;9.7;0;0;0;0;0;0;0;0;0.00;0.00;0.00;0.00;0.00;Matches
395;Vincent Janssen;NED;FW;Portland Timbers;32-113;1994;7;3;310;3.4;3;0;3;2;1;1;3;1;0.87;0.00;0.87;0.58;0.58;Matches
396;Robin Jansson;SWE;DF;Orlando City;34-325;1991;20;20;1742;19.4;0;0;0;0;0;0;3;0;0.00;0.00;0.00;0.00;0.00;Matches
397;Jack Jasinski;USA;DF,MF;SJ Earthquakes;22-306;2003;14;7;703;7.8;1;0;1;1;0;0;2;0;0.13;0.00;0.13;0.13;0.13;Matches
398;Rafael Jauregui;USA;MF;Seattle Sounders;21-290;2004;1;0;3;0.0;0;0;0;0;0;0;0;0;0.00;0.00;0.00;0.00;0.00;Matches
399;Danley Jean-Jacques;HAI;MF;Philadelphia;26-139;2000;25;24;2122;23.6;4;2;6;4;0;0;6;0;0.17;0.08;0.25;0.17;0.25;Matches
400;Mijahir Jiménez;PAN;FW;RB New York;19-192;2007;6;3;270;3.0;2;0;2;2;0;0;0;0;0.67;0.00;0.67;0.67;0.67;Matches
401;Stiven Jimenez;USA;MF;FC Cincinnati;19-104;2007;1;0;3;0.0;0;0;0;0;0;0;0;0;0.00;0.00;0.00;0.00;0.00;Matches
402;Julio Joao Ortíz;ECU;MF;Portland Timbers;30-158;1996;18;6;750;8.3;0;1;1;0;0;0;0;0;0.00;0.12;0.12;0.00;0.12;Matches
403;Daniel Job;NGA;FW;FC Dallas;21-041;2005;1;0;10;0.1;0;0;0;0;0;0;0;0;0.00;0.00;0.00;0.00;0.00;Matches
404;Herman Johansson;SWE;MF,DF;FC Dallas;28-355;1997;24;18;1594;17.7;0;2;2;0;0;0;4;0;0.00;0.11;0.11;0.00;0.11;Matches
405;Aron John;USA;MF;Charlotte;20-186;2006;1;0;1;0.0;0;0;0;0;0;0;0;0;0.00;0.00;0.00;0.00;0.00;Matches
406;Darius Johnson;GRN;MF;SJ Earthquakes;26-205;2000;4;0;97;1.1;0;0;0;0;0;0;0;0;0.00;0.00;0.00;0.00;0.00;Matches
407;Sean Johnson;USA;GK;D.C. United;37-128;1989;26;26;2340;26.0;0;0;0;0;0;0;1;0;0.00;0.00;0.00;0.00;0.00;Matches
408;Tate Johnson;USA;DF;Vancouver;21-088;2005;24;23;2006;22.3;0;0;0;0;0;0;3;0;0.00;0.00;0.00;0.00;0.00;Matches
409;DeJuan Jones;USA;DF;SJ Earthquakes;29-104;1997;5;5;359;4.0;0;0;0;0;0;0;2;0;0.00;0.00;0.00;0.00;0.00;Matches
410;Malachi Jones;SLE;MF;NYCFC;23-013;2003;15;4;472;5.2;1;0;1;1;0;0;3;0;0.19;0.00;0.19;0.19;0.19;Matches
411;Luka Jovanović;AUS;MF,FW;SJ Earthquakes;21-139;2005;5;2;174;1.9;0;0;0;0;0;0;0;0;0.00;0.00;0.00;0.00;0.00;Matches
412;Dejan Joveljić;SRB;FW;Sporting KC;27-060;1999;20;20;1755;19.5;8;1;9;8;0;0;1;0;0.41;0.05;0.46;0.41;0.46;Matches
413;Dejan Joveljić;SRB;FW;Seattle Sounders;27-060;1999;4;4;348;3.9;3;0;3;3;0;0;0;0;0.78;0.00;0.78;0.78;0.78;Matches
414;Mykhi Joyner;USA;MF;St. Louis City;20-037;2006;5;1;102;1.1;0;0;0;0;0;0;0;0;0.00;0.00;0.00;0.00;0.00;Matches
415;Preston Judd;USA;FW;SJ Earthquakes;27-131;1999;25;20;1762;19.6;15;3;18;15;0;0;8;0;0.77;0.15;0.92;0.77;0.92;Matches
416;Anderson Julio;ECU;FW,MF;FC Dallas;30-128;1996;4;0;84;0.9;0;0;0;0;0;0;1;0;0.00;0.00;0.00;0.00;0.00;Matches
417;Sam Junqua;USA;DF,MF;Real Salt Lake;29-331;1996;19;11;1163;12.9;0;1;1;0;0;0;2;0;0.00;0.08;0.08;0.00;0.08;Matches
418;Kristijan Kahlina;CRO;GK;Charlotte;34-074;1992;27;27;2430;27.0;0;0;0;0;0;0;2;0;0.00;0.00;0.00;0.00;0.00;Matches
419;Kaick;BRA;MF;FC Dallas;20-311;2005;27;22;2007;22.3;3;1;4;3;0;0;4;0;0.13;0.04;0.18;0.13;0.18;Matches
420;Bernard Kamungo;TAN;MF;FC Dallas;24-278;2002;17;14;1312;14.6;0;2;2;0;0;0;2;0;0.00;0.14;0.14;0.00;0.14;Matches
421;Emir Karic;BIH;DF;Sporting KC;29-119;1997;13;12;1076;12.0;0;2;2;0;0;0;2;0;0.00;0.17;0.17;0.00;0.17;Matches
422;Tarun Karumanchi;USA;MF;Columbus Crew;23-188;2003;10;7;563;6.3;0;0;0;0;0;0;3;0;0.00;0.00;0.00;0.00;0.00;Matches
423;Alexandros Katranis;GRE;MF,DF;Real Salt Lake;28-155;1998;12;8;704;7.8;0;0;0;0;0;0;3;0;0.00;0.00;0.00;0.00;0.00;Matches
424;Kim Kee-hee;KOR;DF;Seattle Sounders;37-085;1989;7;4;345;3.8;0;0;0;0;0;0;0;0;0.00;0.00;0.00;0.00;0.00;Matches
425;Kevin Kelsy;VEN;FW;Portland Timbers;22-071;2004;20;15;1236;13.7;9;2;11;9;0;0;4;0;0.66;0.15;0.80;0.66;0.80;Matches
426;Deandre Kerr;CAN;MF,FW;Toronto FC;23-321;2002;10;5;448;5.0;0;0;0;0;0;0;0;0;0.00;0.00;0.00;0.00;0.00;Matches
427;Henry Kessler;USA;DF;Charlotte;28-103;1998;11;11;990;11.0;1;0;1;1;0;0;1;0;0.09;0.00;0.09;0.09;0.09;Matches
428;Hosei Kijima;JPN;MF;D.C. United;24-097;2002;11;2;245;2.7;0;1;1;0;0;0;0;0;0.00;0.37;0.37;0.00;0.37;Matches
429;Benjamin Kikanovic;USA;DF,MF;SJ Earthquakes;26-273;2000;22;20;1714;19.0;0;0;0;0;0;0;7;0;0.00;0.00;0.00;0.00;0.00;Matches
430;Peter Kingston;USA;MF,DF;Seattle Sounders;25-084;2001;21;10;964;10.7;0;0;0;0;0;0;7;0;0.00;0.00;0.00;0.00;0.00;Matches
431;Klauss;BRA;FW;LA Galaxy;29-219;1997;11;8;685;7.6;7;0;7;7;0;0;0;0;0.92;0.00;0.92;0.92;0.92;Matches
432;Eric Klein;USA;MF;NE Revolution;19-320;2006;5;0;22;0.2;0;0;0;0;0;0;0;0;0.00;0.00;0.00;0.00;0.00;Matches
433;Jordan Knight;CAN;DF;Nashville SC;24-115;2002;4;0;36;0.4;0;0;0;0;0;0;0;0;0.00;0.00;0.00;0.00;0.00;Matches
434;Ethan Kohler;USA;DF;NE Revolution;21-139;2005;23;22;1977;22.0;0;0;0;0;0;0;1;0;0.00;0.00;0.00;0.00;0.00;Matches
435;Žan Kolmanič;SVN;DF,MF;Austin FC;26-217;2000;17;5;628;7.0;0;2;2;0;0;0;0;0;0.00;0.29;0.29;0.00;0.29;Matches
436;Sekou Kone;;MF;RB New York;;;2;1;141;1.6;0;0;0;0;0;0;0;0;0.00;0.00;0.00;0.00;0.00;Matches
437;Stas Korzeniowski;USA;FW;Philadelphia;23-249;2003;6;1;140;1.6;0;1;1;0;0;0;0;0;0.00;0.64;0.64;0.00;0.64;Matches
438;Arif Kovac;USA;FW;Atlanta Utd;20-028;2006;1;0;7;0.1;0;0;0;0;0;0;0;0;0.00;0.00;0.00;0.00;0.00;Matches
439;Theodore Ku-Dipietro;USA;FW,MF;Colorado Rapids;24-251;2002;4;0;95;1.1;0;0;0;0;0;0;0;0;0.00;0.00;0.00;0.00;0.00;Matches
440;Willy Kumado;GHA;MF;San Diego FC;23-355;2002;2;0;24;0.3;0;0;0;0;0;0;0;0;0.00;0.00;0.00;0.00;0.00;Matches
441;Keisuke Kurokawa;JPN;DF;D.C. United;29-176;1997;26;26;2327;25.9;0;5;5;0;0;0;5;0;0.00;0.19;0.19;0.00;0.19;Matches
442;Benjamín Kuscevic;CHI;DF;Toronto FC;30-157;1996;14;14;1138;12.6;0;0;0;0;0;0;4;0;0.00;0.00;0.00;0.00;0.00;Matches
443;Ezekiel Kwame Alladoh;GHA;FW;Philadelphia;21-023;2005;24;6;749;8.3;1;1;2;1;0;0;2;1;0.12;0.12;0.24;0.12;0.24;Matches
444;Luca de la Torre;USA;MF;Charlotte;28-136;1998;23;12;980;10.9;0;1;1;0;0;0;0;0;0.00;0.09;0.09;0.00;0.09;Matches
445;Mathías Laborda;URU;DF;Vancouver;27-021;1999;25;22;2092;23.2;3;2;5;3;0;0;4;0;0.13;0.09;0.22;0.13;0.22;Matches
446;Ayoub Lajhar;;DF;FC Cincinnati;22-088;2004;4;0;23;0.3;0;0;0;0;0;0;1;0;0.00;0.00;0.00;0.00;0.00;Matches
447;Luca Langoni;ARG;MF,FW;NE Revolution;24-239;2002;18;11;957;10.6;3;6;9;3;0;0;1;0;0.28;0.56;0.85;0.28;0.85;Matches
448;Oliver Larraz;USA;MF;Vancouver;25-020;2001;21;13;1125;12.5;0;4;4;0;0;0;4;0;0.00;0.32;0.32;0.00;0.32;Matches
449;Richie Laryea;CAN;DF,MF;Toronto FC;31-272;1995;21;21;1890;21.0;2;1;3;2;0;0;4;0;0.10;0.05;0.14;0.10;0.14;Matches
450;Damian Las;USA;GK;Austin FC;24-178;2002;2;2;180;2.0;0;0;0;0;0;0;0;0;0.00;0.00;0.00;0.00;0.00;Matches
451;Ariel Lassiter;CRC;MF,FW;Portland Timbers;32-009;1994;22;12;1007;11.2;4;3;7;4;0;0;2;0;0.36;0.27;0.63;0.36;0.63;Matches
452;Emmanuel Latte Lath;CIV;FW;Atlanta Utd;27-278;1999;14;10;907;10.1;2;2;4;2;0;0;2;0;0.20;0.20;0.40;0.20;0.40;Matches
453;Brooks Lennon;USA;MF,DF;Columbus Crew;29-014;1997;7;4;415;4.6;0;0;0;0;0;0;1;0;0.00;0.00;0.00;0.00;0.00;Matches
454;Beau Leroux;USA;MF;SJ Earthquakes;23-036;2003;26;24;2023;22.5;4;7;11;4;0;1;5;0;0.18;0.31;0.49;0.18;0.49;Matches
455;Robert Lewandowski;POL;FW;Chicago Fire;38-046;1988;11;9;813;9.0;6;2;8;5;1;1;1;0;0.66;0.22;0.89;0.55;0.77;Matches
456;Ondřej Lingr;CZE;FW,MF;Houston;27-364;1998;17;4;421;4.7;0;1;1;0;0;0;0;1;0.00;0.21;0.21;0.00;0.21;Matches
457;Hugo Lloris;FRA;GK;LAFC;39-284;1986;24;24;2160;24.0;0;0;0;0;0;0;0;0;0.00;0.00;0.00;0.00;0.00;Matches
458;Saba Lobzhanidze;GEO;FW,MF;Atlanta Utd;31-292;1994;13;8;630;7.0;2;0;2;2;0;0;0;0;0.29;0.00;0.29;0.29;0.29;Matches
459;Saba Lobzhanidze;GEO;FW,MF;Real Salt Lake;31-292;1994;12;3;446;5.0;2;3;5;2;0;0;0;0;0.40;0.61;1.01;0.40;1.01;Matches
460;Robin Lod;FIN;MF,FW;Chicago Fire;33-172;1993;24;17;1495;16.6;4;2;6;4;0;0;3;0;0.24;0.12;0.36;0.24;0.36;Matches
461;Aaron Long;USA;DF;LAFC;33-359;1992;13;12;972;10.8;0;0;0;0;0;0;1;1;0.00;0.00;0.00;0.00;0.00;Matches
462;Matthew Longstaff;ENG;MF;CF Montréal;26-199;2000;26;23;2025;22.5;2;3;5;2;0;0;7;0;0.09;0.13;0.22;0.09;0.22;Matches
463;Antino Lopez;USA;DF;Seattle Sounders;24-138;2002;12;8;731;8.1;0;0;0;0;0;0;1;0;0.00;0.00;0.00;0.00;0.00;Matches
464;Victor Loturi;CAN;MF;CF Montréal;25-138;2001;26;23;2044;22.7;1;1;2;1;0;0;5;0;0.04;0.04;0.09;0.04;0.09;Matches
465;Ricardo Louis;HAI;MF;FC Dallas;22-002;2004;1;0;18;0.2;0;0;0;0;0;0;0;0;0.00;0.00;0.00;0.00;0.00;Matches
466;Evan Louro;USA;GK;FC Cincinnati;30-260;1996;2;2;180;2.0;0;0;0;0;0;0;0;0;0.00;0.00;0.00;0.00;0.00;Matches
467;Daniel Lovitz;USA;DF;Nashville SC;35-040;1991;26;18;1608;17.9;0;1;1;0;0;0;6;0;0.00;0.06;0.06;0.00;0.06;Matches
468;Eduard Löwen;GER;MF,FW;St. Louis City;29-251;1997;13;8;634;7.0;3;2;5;2;1;1;1;0;0.43;0.28;0.71;0.28;0.57;Matches
469;Eduard Löwen;GER;MF;SJ Earthquakes;29-251;1997;6;5;482;5.4;1;1;2;1;0;0;0;0;0.19;0.19;0.37;0.19;0.37;Matches
470;Hirving Lozano;MEX;MF,FW;LA Galaxy;31-068;1995;8;6;564;6.3;1;1;2;1;0;0;2;0;0.16;0.16;0.32;0.16;0.32;Matches
471;Luighi;BRA;FW;NYCFC;20-159;2006;9;6;523;5.8;4;0;4;3;1;1;2;0;0.69;0.00;0.69;0.52;0.52;Matches
472;Gonzalo Luján;ARG;DF;Inter Miami;25-162;2001;17;13;1134;12.6;1;0;1;1;0;0;4;0;0.08;0.00;0.08;0.08;0.08;Matches
473;Jovan Lukić;SRB;MF;Philadelphia;24-259;2002;25;22;1851;20.6;0;1;1;0;0;0;6;0;0.00;0.05;0.05;0.00;0.05;Matches
474;Diego Luna;USA;MF,FW;Real Salt Lake;23-029;2003;18;13;1224;13.6;5;3;8;5;0;0;5;0;0.37;0.22;0.59;0.37;0.59;Matches
475;Benjamin Lundt;GER;GK;St. Louis City;31-012;1995;2;2;180;2.0;0;0;0;0;0;0;1;0;0.00;0.00;0.00;0.00;0.00;Matches
476;Lukas MacNaughton;CAN;DF;St. Louis City;31-212;1995;23;10;1076;12.0;1;1;2;1;0;0;2;0;0.08;0.08;0.17;0.08;0.17;Matches
477;Warren Madrigal;CRC;FW,MF;Nashville SC;22-074;2004;15;10;833;9.3;5;2;7;5;0;0;0;0;0.54;0.22;0.76;0.54;0.76;Matches
478;Talles Magno;BRA;FW;NYCFC;24-102;2002;16;3;443;4.9;2;2;4;2;0;0;1;0;0.41;0.41;0.81;0.41;0.81;Matches
479;Jack Maher;USA;DF;Nashville SC;26-343;1999;10;8;723;8.0;0;0;0;0;0;0;1;0;0.00;0.00;0.00;0.00;0.00;Matches
480;Olwethu Makhanya;RSA;DF;Philadelphia;22-159;2004;13;13;1169;13.0;0;0;0;0;0;0;6;1;0.00;0.00;0.00;0.00;0.00;Matches
481;Maurice Malone;GER;FW,MF;Minnesota Utd;26-050;2000;5;0;63;0.7;0;0;0;0;0;0;0;0;0.00;0.00;0.00;0.00;0.00;Matches
482;Juan Manuel Sanabria;URU;MF;Real Salt Lake;26-191;2000;22;19;1746;19.4;1;4;5;1;0;0;2;0;0.05;0.21;0.26;0.05;0.26;Matches
483;Alexis Manyoma;COL;MF;Colorado Rapids;23-276;2003;11;2;240;2.7;1;0;1;1;0;0;1;0;0.37;0.00;0.37;0.37;0.37;Matches
484;J.T. Marcinkowski;USA;GK;LA Galaxy;29-150;1997;22;22;1957;21.7;0;0;0;0;0;0;2;1;0.00;0.00;0.00;0.00;0.00;Matches
485;Dominik Marczuk;POL;MF;Real Salt Lake;22-339;2003;14;4;537;6.0;1;0;1;1;0;0;1;0;0.17;0.00;0.17;0.17;0.17;Matches
486;Paul Marie;FRA;MF,DF;SJ Earthquakes;31-196;1995;18;5;509;5.7;0;5;5;0;0;0;0;0;0.00;0.88;0.88;0.00;0.88;Matches
487;Adrián Marín;ESP;DF;Orlando City;29-270;1997;18;13;1170;13.0;0;3;3;0;0;0;3;0;0.00;0.23;0.23;0.00;0.23;Matches
488;Anthony Markanich;PHI;MF,DF;Minnesota Utd;26-284;1999;27;26;2224;24.7;8;2;10;8;0;0;3;0;0.32;0.08;0.40;0.32;0.40;Matches
489;Nick Markanich;USA;FW;Houston;26-284;1999;8;1;107;1.2;0;0;0;0;0;0;0;1;0.00;0.00;0.00;0.00;0.00;Matches
490;Nikola Marković;CAN;MF,DF;D.C. United;22-076;2004;19;2;424;4.7;0;1;1;0;0;0;1;0;0.00;0.21;0.21;0.00;0.21;Matches
491;Idan Markovich;ISR;FW;Charlotte;22-058;2004;26;23;1920;21.3;9;2;11;9;0;1;1;0;0.42;0.09;0.52;0.42;0.52;Matches
492;Jahkeele Marshall-Rutty;CAN;DF;RB New York;22-112;2004;23;15;1427;15.9;0;0;0;0;0;0;3;0;0.00;0.00;0.00;0.00;0.00;Matches
493;Alonso Martínez;CRC;FW;NYCFC;27-356;1998;2;0;32;0.4;0;0;0;0;0;0;0;0;0.00;0.00;0.00;0.00;0.00;Matches
494;David Martínez;VEN;FW,MF;LAFC;20-241;2006;18;11;957;10.6;6;0;6;6;0;0;2;0;0.56;0.00;0.56;0.56;0.56;Matches
495;Geiner Martínez;COL;DF;Philadelphia;23-270;2003;7;4;458;5.1;0;0;0;0;0;0;2;0;0.00;0.00;0.00;0.00;0.00;Matches
496;Josef Martínez;VEN;FW;Columbus Crew;33-140;1993;9;5;451;5.0;1;1;2;0;1;1;0;0;0.20;0.20;0.40;0.00;0.20;Matches
497;Thiago Martins;BRA;DF;NYCFC;31-203;1995;23;23;2029;22.5;0;0;0;0;0;0;0;0;0.00;0.00;0.00;0.00;0.00;Matches
498;Joyeux Masanka Bungi;BEL;DF;RB New York;19-255;2007;2;1;90;1.0;0;0;0;0;0;0;1;0;0.00;0.00;0.00;0.00;0.00;Matches
499;Alexandru Mățan;ROU;MF;St. Louis City;27-038;1999;10;6;554;6.2;0;4;4;0;0;0;1;0;0.00;0.65;0.65;0.00;0.65;Matches
500;Jimmy Maurer;USA;GK;Houston;37-357;1988;1;0;45;0.5;0;0;0;0;0;0;1;0;0.00;0.00;0.00;0.00;0.00;Matches
501;Eric Maxim Choupo-Moting;CMR;FW;RB New York;37-197;1989;18;3;454;5.0;3;1;4;2;1;1;0;0;0.59;0.20;0.79;0.40;0.59;Matches
502;Youssef Maziz;FRA;MF;Colorado Rapids;28-104;1998;6;4;288;3.2;0;2;2;0;0;0;1;0;0.00;0.62;0.62;0.00;0.62;Matches
503;Olivier Mbaizo;CMR;DF;Philadelphia;29-052;1997;1;0;60;0.7;0;0;0;0;0;0;0;0;0.00;0.00;0.00;0.00;0.00;Matches
504;Mbekezeli Mbokazi;RSA;DF;Chicago Fire;21-017;2005;13;13;1127;12.5;0;0;0;0;0;0;2;0;0.00;0.00;0.00;0.00;0.00;Matches
505;Kenji Mboma Dem;FRA;MF,FW;FC Cincinnati;24-257;2002;22;17;1311;14.6;5;1;6;5;0;0;1;0;0.34;0.07;0.41;0.34;0.41;Matches
506;Jack McGlynn;USA;MF;Houston;23-091;2003;18;16;1368;15.2;2;5;7;2;0;0;2;0;0.13;0.33;0.46;0.13;0.46;Matches
507;Duncan McGuire;USA;FW;Orlando City;25-243;2001;11;4;481;5.3;2;0;2;2;0;0;1;0;0.37;0.00;0.37;0.37;0.37;Matches
508;Duncan McGuire;USA;FW;Houston;25-243;2001;13;5;434;4.8;0;0;0;0;0;0;0;0;0.00;0.00;0.00;0.00;0.00;Matches
509;Brendan McSorley;USA;FW;St. Louis City;24-247;2002;12;0;182;2.0;1;0;1;1;0;0;2;0;0.49;0.00;0.49;0.49;0.49;Matches
510;Christopher McVey;SWE;DF;San Diego FC;29-177;1997;22;16;1491;16.6;1;0;1;1;0;0;8;2;0.06;0.00;0.06;0.06;0.06;Matches
511;Adri Mehmeti;USA;MF;RB New York;17-183;2009;25;25;2034;22.6;1;3;4;1;0;0;7;1;0.04;0.13;0.18;0.04;0.18;Matches
512;Anzor Mekvabishvili;GEO;MF;Chicago Fire;25-123;2001;1;0;16;0.2;0;0;0;0;0;0;0;0;0.00;0.00;0.00;0.00;0.00;Matches
513;Brais Méndez;ESP;FW,MF;Columbus Crew;29-272;1997;10;7;742;8.2;3;1;4;3;0;0;2;0;0.36;0.12;0.49;0.36;0.49;Matches
514;Lionel Messi;ARG;FW,MF;Inter Miami;39-104;1987;24;23;2090;23.2;21;11;32;20;1;2;3;0;0.90;0.47;1.38;0.86;1.33;Matches
515;Wyatt Meyer;USA;DF;Sporting KC;25-268;2001;21;18;1652;18.4;1;0;1;1;0;0;1;0;0.05;0.00;0.05;0.05;0.05;Matches
516;Matt Miazga;USA;DF;FC Cincinnati;31-079;1995;14;12;967;10.7;0;1;1;0;0;0;6;0;0.00;0.09;0.09;0.00;0.09;Matches
517;Micael;BRA;DF;Inter Miami;26-055;2000;18;18;1620;18.0;1;0;1;1;0;0;5;0;0.06;0.00;0.06;0.06;0.06;Matches
518;Novak Mićović;SRB;GK;LA Galaxy;24-346;2001;7;6;559;6.2;0;0;0;0;0;0;0;0;0.00;0.00;0.00;0.00;0.00;Matches
519;Alex Mighten;ENG;FW,MF;San Diego FC;24-178;2002;13;6;632;7.0;0;2;2;0;0;0;1;0;0.00;0.28;0.28;0.00;0.28;Matches
520;Djordje Mihailovic;USA;MF,FW;Toronto FC;27-330;1998;12;9;854;9.5;2;5;7;2;0;0;1;1;0.21;0.53;0.74;0.21;0.74;Matches
521;Enea Mihaj;ALB;DF;Atlanta Utd;28-093;1998;22;17;1486;16.5;0;0;0;0;0;0;4;1;0.00;0.00;0.00;0.00;0.00;Matches
522;Tommy Mihalič;GER;FW;LAFC;23-331;2002;2;0;39;0.4;0;0;0;0;0;0;0;0;0.00;0.00;0.00;0.00;0.00;Matches
523;Eric Miller;USA;DF;Portland Timbers;33-264;1993;6;5;432;4.8;0;0;0;0;0;0;2;0;0.00;0.00;0.00;0.00;0.00;Matches
524;Harbor Miller;USA;MF,DF;LA Galaxy;19-107;2007;26;16;1539;17.1;0;1;1;0;0;0;3;0;0.00;0.06;0.06;0.00;0.06;Matches
525;Jansen Miller;USA;DF;Sporting KC;24-238;2002;13;8;774;8.6;0;0;0;0;0;0;3;0;0.00;0.00;0.00;0.00;0.00;Matches
526;Kamal Miller;CAN;DF;Portland Timbers;29-143;1997;22;18;1544;17.2;1;0;1;1;0;0;4;1;0.06;0.00;0.06;0.06;0.06;Matches
527;Nolan Miller;USA;DF;Orlando City;22-064;2004;5;4;328;3.6;0;0;0;0;0;0;2;0;0.00;0.00;0.00;0.00;0.00;Matches
528;Peyton Miller;USA;FW,MF;NE Revolution;18-332;2007;24;18;1693;18.8;7;4;11;7;0;0;3;0;0.37;0.21;0.58;0.37;0.58;Matches
529;Juan Mina;COL;DF;RB New York;22-071;2004;5;1;185;2.1;0;0;0;0;0;0;0;0;0.00;0.00;0.00;0.00;0.00;Matches
530;Georgi Minoungou;BFA;MF;Seattle Sounders;24-073;2002;3;2;150;1.7;0;0;0;0;0;0;0;0;0.00;0.00;0.00;0.00;0.00;Matches
531;Georgi Minoungou;BFA;MF,FW;Colorado Rapids;24-073;2002;20;13;1287;14.3;0;2;2;0;0;0;1;0;0.00;0.14;0.14;0.00;0.14;Matches
532;Aleksei Miranchuk;RUS;FW,MF;Atlanta Utd;30-354;1995;25;23;2051;22.8;6;6;12;6;0;0;1;0;0.26;0.26;0.53;0.26;0.53;Matches
533;Roald Mitchell;TRI;MF;RB New York;23-266;2003;3;0;30;0.3;0;0;0;0;0;0;0;0;0.00;0.00;0.00;0.00;0.00;Matches
534;Rui Modesto;ANG;DF;Vancouver;26-364;1999;2;2;129;1.4;0;0;0;0;0;0;0;0;0.00;0.00;0.00;0.00;0.00;Matches
535;Shakur Mohammed;GHA;MF;Nashville SC;23-040;2003;17;6;530;5.9;3;0;3;3;0;0;2;0;0.51;0.00;0.51;0.51;0.51;Matches
536;Luca Moisa;USA;MF;Real Salt Lake;18-169;2008;7;7;435;4.8;0;0;0;0;0;0;2;0;0.00;0.00;0.00;0.00;0.00;Matches
537;Zane Monlouis;ENG;DF;Toronto FC;22-355;2003;20;12;1171;13.0;0;0;0;0;0;0;1;0;0.00;0.00;0.00;0.00;0.00;Matches
538;Shaq Moore;USA;DF,MF;FC Dallas;29-338;1996;26;25;2287;25.4;1;2;3;1;0;0;5;0;0.04;0.08;0.12;0.04;0.12;Matches
539;Felipe Mora;CHI;FW,MF;Portland Timbers;33-065;1993;13;5;448;5.0;4;0;4;4;0;0;1;0;0.80;0.00;0.80;0.80;0.80;Matches
540;Efrain Morales;BOL;DF;CF Montréal;22-216;2004;17;14;1256;14.0;0;2;2;0;0;0;0;0;0.00;0.14;0.14;0.00;0.14;Matches
541;Santi Morales;USA;MF;Inter Miami;19-239;2007;2;1;76;0.8;0;0;0;0;0;0;2;1;0.00;0.00;0.00;0.00;0.00;Matches
542;Maximiliano Moralez;ARG;MF;NYCFC;39-221;1987;14;14;1124;12.5;1;6;7;0;1;1;1;0;0.08;0.48;0.56;0.00;0.48;Matches
543;Steven Moreira;CPV;DF;Columbus Crew;32-054;1994;25;21;1953;21.7;0;0;0;0;0;0;3;0;0.00;0.00;0.00;0.00;0.00;Matches
544;Santiago Moreno;COL;MF,FW;FC Dallas;26-168;2000;22;12;1040;11.6;3;2;5;2;1;1;1;0;0.26;0.17;0.43;0.17;0.35;Matches
545;Lewis Morgan;SCO;MF,FW;Toronto FC;30-006;1996;4;2;147;1.6;0;0;0;0;0;0;0;0;0.00;0.00;0.00;0.00;0.00;Matches
546;Lewis Morgan;SCO;FW;San Diego FC;30-006;1996;13;6;510;5.7;0;3;3;0;0;0;1;0;0.00;0.53;0.53;0.00;0.53;Matches
547;Jordan Morris;USA;MF,FW;Seattle Sounders;31-345;1994;18;12;1033;11.5;2;4;6;2;0;0;0;0;0.17;0.35;0.52;0.17;0.52;Matches
548;Moises Mosquera;COL;DF;Sporting KC;25-135;2001;8;7;625;6.9;0;0;0;0;0;0;3;1;0.00;0.00;0.00;0.00;0.00;Matches
549;Rafael Mosquera;PAN;FW;RB New York;21-135;2005;10;1;317;3.5;0;0;0;0;0;0;2;0;0.00;0.00;0.00;0.00;0.00;Matches
550;Chris Mueller;USA;FW;Chicago Fire;30-038;1996;5;1;94;1.0;0;0;0;0;0;0;1;0;0.00;0.00;0.00;0.00;0.00;Matches
551;Hany Mukhtar;GER;FW,MF;Nashville SC;31-199;1995;27;24;2240;24.9;13;6;19;13;0;0;4;0;0.52;0.24;0.76;0.52;0.76;Matches
552;Thomas Müller;GER;MF;Vancouver;37-023;1989;22;18;1633;18.1;9;6;15;5;4;4;1;0;0.50;0.33;0.83;0.28;0.61;Matches
553;Daniel Munie;USA;DF;SJ Earthquakes;26-238;2000;25;25;2205;24.5;5;1;6;5;0;0;3;0;0.20;0.04;0.24;0.20;0.24;Matches
554;Louis Munteanu;ROU;FW;D.C. United;24-112;2002;21;16;1464;16.3;6;2;8;5;1;1;2;0;0.37;0.12;0.49;0.31;0.43;Matches
555;Facundo Mura;ARG;DF,MF;Inter Miami;27-197;1999;23;12;1302;14.5;0;0;0;0;0;0;0;0;0.00;0.00;0.00;0.00;0.00;Matches
556;Ian Murphy;USA;DF;San Diego FC;26-263;2000;9;8;651;7.2;0;0;0;0;0;0;2;0;0.00;0.00;0.00;0.00;0.00;Matches
557;Ian Murphy;USA;DF;Colorado Rapids;26-263;2000;1;0;7;0.1;0;0;0;0;0;0;0;0;0.00;0.00;0.00;0.00;0.00;Matches
558;Max Murray;USA;DF;NYCFC;24-181;2002;2;2;167;1.9;0;0;0;0;0;0;0;0;0.00;0.00;0.00;0.00;0.00;Matches
559;Jacob Murrell;USA;FW;D.C. United;22-192;2004;8;0;74;0.8;0;1;1;0;0;0;1;0;0.00;1.22;1.22;0.00;1.22;Matches
560;Petar Musa;CRO;FW;FC Dallas;28-216;1998;23;19;1707;19.0;18;5;23;15;3;3;3;0;0.95;0.26;1.21;0.79;1.05;Matches
561;Daniel Musovski;MKD;FW;Seattle Sounders;30-310;1995;22;13;1047;11.6;2;0;2;2;0;0;1;0;0.17;0.00;0.17;0.17;0.17;Matches
562;Javaun Mussenden;USA;MF;NE Revolution;19-031;2007;1;0;23;0.3;0;0;0;0;0;0;0;0;0.00;0.00;0.00;0.00;0.00;Matches
563;Alex Muyl;USA;MF;Nashville SC;31-006;1995;22;10;842;9.4;0;1;1;0;0;0;3;0;0.00;0.11;0.11;0.00;0.11;Matches
564;Tristan Muyumba;FRA;MF;Atlanta Utd;29-213;1997;27;23;2016;22.4;4;1;5;4;0;0;5;0;0.18;0.04;0.22;0.18;0.22;Matches
565;Andy Najar;HON;DF;Nashville SC;33-204;1993;24;18;1624;18.0;2;5;7;2;0;0;5;0;0.11;0.28;0.39;0.11;0.39;Matches
566;Matheus Nascimento;BRA;FW;LA Galaxy;22-217;2004;8;0;151;1.7;1;0;1;1;0;0;0;0;0.60;0.00;0.60;0.60;0.60;Matches
567;Miguel Navarro;VEN;DF;Colorado Rapids;27-222;1999;21;16;1553;17.3;0;1;1;0;0;0;7;1;0.00;0.06;0.06;0.00;0.06;Matches
568;Rafael Navarro;BRA;FW;Colorado Rapids;26-175;2000;22;22;1972;21.9;10;3;13;8;2;3;5;0;0.46;0.14;0.59;0.37;0.50;Matches
569;Rafael Navarro;BRA;FW;St. Louis City;26-175;2000;5;4;374;4.2;5;0;5;4;1;1;1;0;1.20;0.00;1.20;0.96;0.96;Matches
570;Philippe Ndinga;GAB;DF;Philadelphia;21-125;2005;6;3;221;2.5;0;0;0;0;0;0;1;0;0.00;0.00;0.00;0.00;0.00;Matches
571;Jalen Neal;USA;DF;CF Montréal;23-043;2003;16;15;1205;13.4;0;0;0;0;0;0;2;0;0.00;0.00;0.00;0.00;0.00;Matches
572;Dylan Nealis;USA;DF;RB New York;28-068;1998;23;23;1961;21.8;0;0;0;0;0;0;4;0;0.00;0.00;0.00;0.00;0.00;Matches
573;Sean Nealis;USA;DF;D.C. United;29-266;1997;10;4;305;3.4;0;0;0;0;0;0;0;0;0.00;0.00;0.00;0.00;0.00;Matches
574;Franco Negri;ARG;DF;Houston;31-228;1995;15;10;757;8.4;1;0;1;1;0;0;1;0;0.12;0.00;0.12;0.12;0.12;Matches
575;Dennis Nelich;USA;FW;RB New York;18-217;2008;2;1;91;1.0;0;0;0;0;0;0;0;0;0.00;0.00;0.00;0.00;0.00;Matches
576;Jayden Nelson;CAN;MF;Austin FC;24-010;2002;13;7;548;6.1;2;0;2;2;0;0;2;0;0.33;0.00;0.33;0.33;0.33;Matches
577;John Nelson;USA;DF;LA Galaxy;28-087;1998;25;14;1452;16.1;0;0;0;0;0;0;1;0;0.00;0.00;0.00;0.00;0.00;Matches
578;Jean-Claude Ngando;CMR;MF;Vancouver;26-320;1999;3;1;114;1.3;0;0;0;0;0;0;1;0;0.00;0.00;0.00;0.00;0.00;Matches
579;Kenneth Nielsen;USA;DF;LAFC;24-235;2002;6;3;243;2.7;0;0;0;0;0;0;2;0;0.00;0.00;0.00;0.00;0.00;Matches
580;Vinícius Nogueira;BRA;DF;Orlando City;24-299;2001;1;0;37;0.4;0;0;0;0;0;0;0;0;0.00;0.00;0.00;0.00;0.00;Matches
581;Kimito Nono;JPN;MF,DF;D.C. United;24-194;2002;8;8;670;7.4;2;2;4;2;0;0;1;0;0.27;0.27;0.54;0.27;0.54;Matches
582;Nolan Norris;USA;DF;FC Dallas;21-231;2005;21;18;1587;17.6;1;0;1;1;0;0;7;0;0.06;0.00;0.06;0.06;0.06;Matches
583;Obinna Nwobodo;NGA;MF;FC Cincinnati;29-311;1996;20;13;942;10.5;0;1;1;0;0;0;6;1;0.00;0.10;0.10;0.00;0.10;Matches
584;Liam O'Gara;USA;MF;Real Salt Lake;22-002;2004;1;0;3;0.0;0;0;0;0;0;0;0;0;0.00;0.00;0.00;0.00;0.00;Matches
585;Aiden O'Neill;AUS;MF;NYCFC;28-094;1998;15;13;1088;12.1;0;1;1;0;0;0;3;0;0.00;0.08;0.08;0.00;0.08;Matches
586;Kevin O'Toole;IRL;DF;NYCFC;27-296;1998;18;13;1259;14.0;0;0;0;0;0;0;2;0;0.00;0.00;0.00;0.00;0.00;Matches
587;Édier Ocampo;COL;DF;Vancouver;23-003;2003;23;21;1850;20.6;2;1;3;2;0;0;7;0;0.10;0.05;0.15;0.10;0.15;Matches
588;Agustin Ojeda;ARG;MF,FW;NYCFC;22-109;2004;27;27;2188;24.3;5;9;14;5;0;0;1;0;0.21;0.37;0.58;0.21;0.58;Matches
589;Braian Ojeda;PAR;MF;Orlando City;26-101;2000;18;18;1605;17.8;1;2;3;1;0;0;1;0;0.06;0.11;0.17;0.06;0.17;Matches
590;Martín Ojeda;ARG;MF,FW;Orlando City;27-313;1998;21;19;1680;18.7;13;1;14;9;4;4;1;0;0.70;0.05;0.75;0.48;0.54;Matches
591;Hamzat Ojediran;NGA;MF;Colorado Rapids;22-326;2003;24;22;1655;18.4;1;0;1;1;0;0;8;0;0.05;0.00;0.05;0.05;0.05;Matches
592;Victor Olatunji;NGA;FW;Real Salt Lake;27-031;1999;17;3;397;4.4;1;0;1;1;0;0;0;0;0.23;0.00;0.23;0.23;0.23;Matches
593;Salvador Olivas;USA;FW;Philadelphia;20-087;2006;1;0;8;0.1;0;0;0;0;0;0;0;0;0.00;0.00;0.00;0.00;0.00;Matches
594;Cristiano Oliveira;USA;MF;NE Revolution;18-190;2008;1;0;6;0.1;0;0;0;0;0;0;0;0;0.00;0.00;0.00;0.00;0.00;Matches
595;Kwadwo Opoku;GHA;FW;CF Montréal;25-085;2001;5;0;103;1.1;1;0;1;1;0;0;0;0;0.87;0.00;0.87;0.87;0.87;Matches
596;Nathan Ordaz;SLV;FW,MF;LAFC;22-267;2004;9;6;501;5.6;2;0;2;2;0;0;0;0;0.36;0.00;0.36;0.36;0.36;Matches
597;Nathan Ordaz;SLV;FW,MF;D.C. United;22-267;2004;11;3;397;4.4;0;1;1;0;0;0;0;0;0.00;0.23;0.23;0.00;0.23;Matches
598;Sergio Oregel;USA;MF;Chicago Fire;21-143;2005;9;3;323;3.6;0;0;0;0;0;0;2;0;0.00;0.00;0.00;0.00;0.00;Matches
599;Jaziel Orozco;USA;DF;St. Louis City;22-126;2004;19;15;1241;13.8;0;0;0;0;0;0;4;0;0.00;0.00;0.00;0.00;0.00;Matches
600;Jonathan Osorio;CAN;MF;Toronto FC;34-116;1992;19;18;1631;18.1;0;3;3;0;0;0;7;0;0.00;0.17;0.17;0.00;0.17;Matches
601;Tomáš Ostrák;CZE;MF;St. Louis City;26-243;2000;6;1;93;1.0;2;0;2;2;0;0;0;0;1.94;0.00;1.94;1.94;1.94;Matches
602;Luis Otávio;BRA;MF;Orlando City;19-177;2007;21;11;987;11.0;1;0;1;1;0;0;5;0;0.09;0.00;0.09;0.09;0.09;Matches
603;Javier Otero;VEN;GK;Orlando City;23-322;2002;2;1;162;1.8;0;0;0;0;0;0;0;0;0.00;0.00;0.00;0.00;0.00;Matches
604;Prince Owusu;GHA;FW;CF Montréal;29-272;1997;25;24;2026;22.5;15;6;21;9;6;7;6;0;0.67;0.27;0.93;0.40;0.67;Matches
605;Woobens Pacius;HAI;FW;Nashville SC;25-148;2001;12;3;244;2.7;0;0;0;0;0;0;1;0;0.00;0.00;0.00;0.00;0.00;Matches
606;Devin Padelford;USA;DF,MF;Minnesota Utd;23-276;2003;16;5;611;6.8;1;1;2;1;0;0;0;0;0.15;0.15;0.29;0.15;0.29;Matches
607;Devin Padelford;USA;DF;RB New York;23-276;2003;5;2;192;2.1;0;0;0;0;0;0;0;0;0.00;0.00;0.00;0.00;0.00;Matches
608;Joseph Paintsil;GHA;FW,MF;LA Galaxy;28-247;1998;20;18;1523;16.9;5;3;8;5;0;0;3;0;0.30;0.18;0.47;0.30;0.47;Matches
609;Jeison Palacios;COL;DF;Nashville SC;32-200;1994;21;20;1787;19.9;1;1;2;1;0;0;3;0;0.05;0.05;0.10;0.05;0.10;Matches
610;Sergi Palencia;ESP;DF;LAFC;30-197;1996;12;11;869;9.7;1;0;1;1;0;0;4;0;0.10;0.00;0.10;0.10;0.10;Matches
611;James Pantemis;CAN;GK;Portland Timbers;29-227;1997;27;27;2430;27.0;0;0;0;0;0;0;1;0;0.00;0.00;0.00;0.00;0.00;Matches
612;Isaiah Parente;USA;MF;LA Galaxy;26-204;2000;10;3;288;3.2;0;0;0;0;0;0;0;0;0.00;0.00;0.00;0.00;0.00;Matches
613;Tim Parker;USA;DF;RB New York;33-225;1993;12;7;703;7.8;0;0;0;0;0;0;1;0;0.00;0.00;0.00;0.00;0.00;Matches
614;Keaton Parks;USA;MF;NYCFC;29-061;1997;18;13;1081;12.0;2;0;2;2;0;0;5;0;0.17;0.00;0.17;0.17;0.17;Matches
615;Marco Pašalić;CRO;MF,FW;Orlando City;26-022;2000;18;11;972;10.8;2;0;2;2;0;0;4;0;0.19;0.00;0.19;0.19;0.19;Matches
616;Pedrinho;BRA;FW;Orlando City;20-100;2006;1;0;7;0.1;0;0;0;0;0;0;0;0;0.00;0.00;0.00;0.00;0.00;Matches
617;Peglow;BRA;MF;D.C. United;24-272;2002;23;23;1931;21.5;1;4;5;1;0;0;7;0;0.05;0.19;0.23;0.05;0.23;Matches
618;Amahl Pellegrino;NOR;FW,MF;San Diego FC;36-110;1990;18;9;876;9.7;3;1;4;3;0;0;0;1;0.31;0.10;0.41;0.31;0.41;Matches
619;Matti Peltola;FIN;MF;D.C. United;24-095;2002;25;19;1870;20.8;1;0;1;1;0;0;1;0;0.05;0.00;0.05;0.05;0.05;Matches
620;Andrés Perea;USA;MF;NYCFC;25-326;2000;17;13;1260;14.0;2;1;3;2;0;0;1;0;0.14;0.07;0.21;0.14;0.21;Matches
621;Daniel Pereira;VEN;MF;Austin FC;26-084;2000;8;4;366;4.1;0;1;1;0;0;0;1;0;0.00;0.25;0.25;0.00;0.25;Matches
622;Daniel Pereira;VEN;MF;CF Montréal;26-084;2000;7;4;424;4.7;0;0;0;0;0;0;1;0;0.00;0.00;0.00;0.00;0.00;Matches
623;Matheus Pereira;BRA;DF,MF;Toronto FC;25-289;2000;10;5;543;6.0;0;0;0;0;0;0;2;0;0.00;0.00;0.00;0.00;0.00;Matches
624;Joaquín Pereyra;ARG;MF,FW;Minnesota Utd;27-309;1998;26;25;2266;25.2;3;10;13;3;0;0;4;0;0.12;0.40;0.52;0.12;0.52;Matches
625;Miguel Perez;USA;MF;St. Louis City;21-161;2005;11;3;265;2.9;0;0;0;0;0;0;2;0;0.00;0.00;0.00;0.00;0.00;Matches
626;Nikola Petković;SRB;MF;Seattle Sounders;23-225;2003;4;2;134;1.5;0;0;0;0;0;0;2;0;0.00;0.00;0.00;0.00;0.00;Matches
627;Luca Petrasso;CAN;DF;CF Montréal;26-112;2000;25;24;2174;24.2;0;3;3;0;0;0;1;0;0.00;0.12;0.12;0.00;0.12;Matches
628;Donavan Phillip;LCA;FW,MF;Colorado Rapids;21-275;2005;8;4;355;3.9;2;0;2;2;0;0;1;0;0.51;0.00;0.51;0.51;0.51;Matches
629;Hugo Picard;FRA;MF,FW;Columbus Crew;23-150;2003;18;9;863;9.6;2;2;4;2;0;0;0;0;0.21;0.21;0.42;0.21;0.42;Matches
630;Fafà Picault;HAI;FW;Atlanta Utd;35-225;1991;18;8;742;8.2;3;1;4;3;0;0;1;0;0.36;0.12;0.49;0.36;0.49;Matches
631;Alejandro Piedrahita;COL;MF;Toronto FC;24-033;2002;1;0;18;0.2;0;0;0;0;0;0;0;0;0.00;0.00;0.00;0.00;0.00;Matches
632;Kevin Pierre;USA;MF;NYCFC;23-107;2003;2;0;20;0.2;0;0;0;0;0;0;0;0;0.00;0.00;0.00;0.00;0.00;Matches
633;Neil Pierre;USA;DF;Philadelphia;18-352;2007;11;10;930;10.3;4;0;4;4;0;0;2;0;0.39;0.00;0.39;0.39;0.39;Matches
634;Samuel Piette;CAN;MF;CF Montréal;31-328;1994;17;12;912;10.1;0;0;0;0;0;0;5;0;0.00;0.00;0.00;0.00;0.00;Matches
635;Ian Pilcher;USA;DF;San Diego FC;23-199;2003;11;4;354;3.9;0;0;0;0;0;0;2;0;0.00;0.00;0.00;0.00;0.00;Matches
636;Mauricio Pineda;USA;MF;Chicago Fire;28-354;1997;18;6;644;7.2;0;0;0;0;0;0;0;0;0.00;0.00;0.00;0.00;0.00;Matches
637;Dániel Pintér;USA;FW,MF;Inter Miami;19-122;2007;14;4;481;5.3;1;0;1;1;0;0;2;0;0.19;0.00;0.19;0.19;0.19;Matches
638;Ariath Piol;AUS;FW;Real Salt Lake;21-360;2004;2;2;164;1.8;1;0;1;1;0;0;0;0;0.55;0.00;0.55;0.55;0.55;Matches
639;Gabriel Pirani;BRA;MF;San Diego FC;24-177;2002;7;6;466;5.2;2;0;2;2;0;0;1;0;0.39;0.00;0.39;0.39;0.39;Matches
640;Gabriel Pirani;BRA;FW,MF;D.C. United;24-177;2002;7;6;468;5.2;0;0;0;0;0;0;1;0;0.00;0.00;0.00;0.00;0.00;Matches
641;Preston Plambeck;USA;MF;Inter Miami;20-290;2005;6;0;81;0.9;1;0;1;1;0;0;0;0;1.11;0.00;1.11;1.11;1.11;Matches
642;Matt Polster;USA;DF,MF;NE Revolution;33-120;1993;22;20;1549;17.2;1;1;2;1;0;0;5;0;0.06;0.06;0.12;0.06;0.12;Matches
643;Dante Polvara;USA;DF;St. Louis City;26-107;2000;27;26;2251;25.0;1;0;1;1;0;0;4;0;0.04;0.00;0.04;0.04;0.04;Matches
644;Célio Pompeu;BRA;MF;St. Louis City;26-300;1999;3;1;114;1.3;0;0;0;0;0;0;0;0;0.00;0.00;0.00;0.00;0.00;Matches
645;Ezequiel Ponce;ARG;FW;Houston;29-191;1997;17;13;1114;12.4;0;1;1;0;0;0;2;0;0.00;0.08;0.08;0.00;0.08;Matches
646;David Poręba;USA;MF;Chicago Fire;23-309;2002;2;1;71;0.8;0;1;1;0;0;0;1;0;0.00;1.27;1.27;0.00;1.27;Matches
647;Ryan Porteous;SCO;DF;LAFC;27-195;1999;23;21;1963;21.8;0;0;0;0;0;0;4;0;0.00;0.00;0.00;0.00;0.00;Matches
648;Alvas Powell;JAM;DF;FC Cincinnati;32-080;1994;12;1;217;2.4;0;1;1;0;0;0;0;1;0.00;0.41;0.41;0.00;0.41;Matches
649;Owen Presthus;USA;DF;Columbus Crew;20-227;2006;1;1;59;0.7;0;0;0;0;0;0;0;0;0.00;0.00;0.00;0.00;0.00;Matches
650;Ralph Priso;CAN;DF;Vancouver;24-065;2002;11;8;649;7.2;1;0;1;1;0;0;0;0;0.14;0.00;0.14;0.14;0.14;Matches
651;Andrew Privett;USA;DF;Charlotte;26-065;2000;8;6;570;6.3;0;0;0;0;0;0;2;0;0.00;0.00;0.00;0.00;0.00;Matches
652;John Pulskamp;USA;GK;Sporting KC;25-170;2001;9;9;810;9.0;0;0;0;0;0;0;0;0;0.00;0.00;0.00;0.00;0.00;Matches
653;Troy Putt;NZL;FW;Minnesota Utd;20-009;2006;1;0;5;0.1;0;0;0;0;0;0;0;0;0.00;0.00;0.00;0.00;0.00;Matches
654;Przemysław Płacheta;POL;MF;Austin FC;28-197;1998;10;2;303;3.4;0;0;0;0;0;0;1;0;0.00;0.00;0.00;0.00;0.00;Matches
655;Ahmed Qasem;IRQ;MF,FW;Nashville SC;23-086;2003;22;11;988;11.0;2;1;3;2;0;0;3;0;0.18;0.09;0.27;0.18;0.27;Matches
656;Philip Quinton;USA;DF;Real Salt Lake;26-324;1999;22;18;1687;18.7;0;1;1;0;0;0;3;0;0.00;0.05;0.05;0.00;0.05;Matches
657;Viktor Radojevic;SRB;DF;Chicago Fire;22-084;2004;10;3;294;3.3;0;1;1;0;0;0;3;0;0.00;0.31;0.31;0.00;0.31;Matches
658;Viktor Radojevic;SRB;DF;CF Montréal;22-084;2004;1;1;57;0.6;0;0;0;0;0;0;0;0;0.00;0.00;0.00;0.00;0.00;Matches
659;Jeremy Rafanello;USA;MF;Philadelphia;26-175;2000;5;2;209;2.3;0;0;0;0;0;0;1;0;0.00;0.00;0.00;0.00;0.00;Matches
660;Jackson Ragen;USA;DF;Seattle Sounders;28-012;1998;20;18;1697;18.9;0;0;0;0;0;0;7;1;0.00;0.00;0.00;0.00;0.00;Matches
661;Brooklyn Raines;USA;MF;NE Revolution;21-209;2005;24;24;2122;23.6;1;0;1;1;0;0;9;0;0.04;0.00;0.04;0.04;0.04;Matches
662;Bryan Ramírez;ECU;MF;FC Cincinnati;26-056;2000;24;17;1639;18.2;2;3;5;2;0;0;8;0;0.11;0.16;0.27;0.11;0.27;Matches
663;Christian Ramirez;USA;FW;Austin FC;35-185;1991;23;13;1115;12.4;9;2;11;9;0;0;1;0;0.73;0.16;0.89;0.73;0.89;Matches
664;Rubén Ramos;USA;MF,FW;LA Galaxy;19-257;2007;6;2;171;1.9;1;0;1;1;0;0;1;0;0.53;0.00;0.53;0.53;0.53;Matches
665;Rubén Ramos;USA;FW;Sporting KC;19-257;2007;2;0;40;0.4;0;0;0;0;0;0;0;0;0.00;0.00;0.00;0.00;0.00;Matches
666;Ryan Raposo;CAN;DF,MF;LAFC;27-215;1999;14;3;388;4.3;0;0;0;0;0;0;4;0;0.00;0.00;0.00;0.00;0.00;Matches
667;Tim Ream;USA;DF;Charlotte;39-001;1987;20;20;1754;19.5;0;1;1;0;0;0;3;1;0.00;0.05;0.05;0.00;0.05;Matches
668;Sergio Reguilón;ESP;DF;Inter Miami;29-294;1996;13;11;814;9.0;1;0;1;1;0;0;3;0;0.11;0.00;0.11;0.11;0.11;Matches
669;Jayden Reid;USA;DF;Sporting KC;25-037;2001;18;11;1039;11.5;0;0;0;0;0;0;1;0;0.00;0.00;0.00;0.00;0.00;Matches
670;Seymour Reid;JAM;FW;Sporting KC;18-216;2008;5;0;82;0.9;0;0;0;0;0;0;0;0;0.00;0.00;0.00;0.00;0.00;Matches
671;Seymour Reid;JAM;FW;NYCFC;18-216;2008;12;0;116;1.3;0;0;0;0;0;0;0;0;0.00;0.00;0.00;0.00;0.00;Matches
672;Tahir Reid-Brown;USA;DF;Orlando City;20-096;2006;7;2;225;2.5;0;0;0;0;0;0;1;0;0.00;0.00;0.00;0.00;0.00;Matches
673;William Reilly;USA;MF;Atlanta Utd;23-307;2002;11;8;713;7.9;0;0;0;0;0;0;3;0;0.00;0.00;0.00;0.00;0.00;Matches
674;Agustín Resch;ARG;DF;Houston;24-220;2002;23;18;1676;18.6;1;0;1;1;0;0;6;0;0.05;0.00;0.05;0.05;0.05;Matches
675;Marco Reus;GER;MF,FW;LA Galaxy;37-128;1989;26;20;1792;19.9;7;7;14;4;3;3;2;0;0.35;0.35;0.70;0.20;0.55;Matches
676;Justin Reynolds;USA;DF,MF;Sporting KC;22-063;2004;15;10;844;9.4;0;2;2;0;0;0;1;0;0.00;0.21;0.21;0.00;0.21;Matches
677;Bernardo Rhein;BRA;DF;Orlando City;19-015;2007;10;6;441;4.9;0;0;0;0;0;0;0;0;0.00;0.00;0.00;0.00;0.00;Matches
678;Nathan Richmond;USA;FW;Charlotte;22-253;2004;1;0;10;0.1;0;0;0;0;0;0;0;0;0.00;0.00;0.00;0.00;0.00;Matches
679;Andrew Rick;USA;GK;Philadelphia;20-249;2006;2;2;180;2.0;0;0;0;0;0;0;1;0;0.00;0.00;0.00;0.00;0.00;Matches
680;Jamar Ricketts;USA;MF,DF;SJ Earthquakes;24-347;2001;24;19;1561;17.3;0;2;2;0;0;0;3;0;0.00;0.12;0.12;0.00;0.12;Matches
681;Kalani Rienzi;USA;DF;Seattle Sounders;24-101;2002;25;18;1650;18.3;3;0;3;3;0;0;2;0;0.16;0.00;0.16;0.16;0.16;Matches
682;Chris Rindov;USA;DF;LA Galaxy;24-363;2001;1;0;2;0.0;0;0;0;0;0;0;0;0;0.00;0.00;0.00;0.00;0.00;Matches
683;Rocco Ríos Novo;ARG;GK;Inter Miami;24-124;2002;6;6;540;6.0;0;0;0;0;0;0;0;0;0.00;0.00;0.00;0.00;0.00;Matches
684;Sergi Roberto;ESP;MF;LA Galaxy;34-241;1992;5;3;290;3.2;0;0;0;0;0;0;1;0;0.00;0.00;0.00;0.00;0.00;Matches
685;Reid Roberts;USA;DF;SJ Earthquakes;22-301;2003;24;24;2115;23.5;3;0;3;3;0;0;8;0;0.13;0.00;0.13;0.13;0.13;Matches
686;Miles Robinson;USA;DF;FC Cincinnati;29-206;1997;19;18;1476;16.4;0;0;0;0;0;0;2;1;0.00;0.00;0.00;0.00;0.00;Matches
687;Stian Rode Gregersen;NOR;DF;Atlanta Utd;31-142;1995;15;10;947;10.5;0;0;0;0;0;0;3;0;0.00;0.00;0.00;0.00;0.00;Matches
688;James Rodríguez;COL;MF,FW;Minnesota Utd;35-086;1991;6;2;195;2.2;0;2;2;0;0;0;0;0;0.00;0.92;0.92;0.00;0.92;Matches
689;Santiago Rodríguez;URU;MF,FW;Columbus Crew;26-271;2000;5;5;398;4.4;2;0;2;2;0;0;2;0;0.45;0.00;0.45;0.45;0.45;Matches
690;Sam Rogers;USA;DF;Chicago Fire;27-142;1999;8;6;454;5.0;0;0;0;0;0;0;2;0;0.00;0.00;0.00;0.00;0.00;Matches
691;Andy Rojas;CRC;FW;RB New York;20-305;2005;4;0;60;0.7;0;0;0;0;0;0;0;0;0.00;0.00;0.00;0.00;0.00;Matches
692;Alex Roldan;SLV;DF,MF;Seattle Sounders;30-070;1996;22;18;1507;16.7;0;0;0;0;0;0;2;0;0.00;0.00;0.00;0.00;0.00;Matches
693;Cristian Roldan;USA;MF;Seattle Sounders;31-125;1995;19;16;1504;16.7;5;1;6;5;0;0;1;0;0.30;0.06;0.36;0.30;0.36;Matches
694;Nicolás Romero;ARG;DF;Minnesota Utd;22-312;2003;11;10;802;8.9;0;0;0;0;0;0;2;0;0.00;0.00;0.00;0.00;0.00;Matches
695;Tomas Romero;SLV;GK;NYCFC;25-291;2000;1;1;90;1.0;0;0;0;0;0;0;0;0;0.00;0.00;0.00;0.00;0.00;Matches
696;David Romney;USA;DF;SJ Earthquakes;33-116;1993;16;10;951;10.6;1;0;1;1;0;0;1;0;0.09;0.00;0.09;0.09;0.09;Matches
697;Connor Ronan;IRL;MF;Colorado Rapids;28-214;1998;6;2;199;2.2;0;0;0;0;0;0;1;0;0.00;0.00;0.00;0.00;0.00;Matches
698;Joseph Rosales;HON;MF;Austin FC;25-334;2000;25;24;1955;21.7;1;4;5;1;0;0;6;0;0.05;0.18;0.23;0.05;0.23;Matches
699;Tanner Rosborough;USA;FW;RB New York;18-199;2008;5;0;65;0.7;0;0;0;0;0;0;0;0;0.00;0.00;0.00;0.00;0.00;Matches
700;Keegan Rosenberry;USA;DF,MF;Colorado Rapids;32-299;1993;16;4;611;6.8;1;0;1;1;0;0;2;0;0.15;0.00;0.15;0.15;0.15;Matches
701;Diego Rossi;URU;FW,MF;Columbus Crew;28-215;1998;15;14;1259;14.0;6;1;7;5;1;1;0;0;0.43;0.07;0.50;0.36;0.43;Matches
702;Paul Rothrock;USA;MF;Seattle Sounders;27-270;1999;22;19;1758;19.5;5;1;6;5;0;0;4;0;0.26;0.05;0.31;0.26;0.31;Matches
703;Kye Rowles;AUS;DF;D.C. United;28-104;1998;20;20;1789;19.9;1;0;1;1;0;0;4;0;0.05;0.00;0.05;0.05;0.05;Matches
704;David Ruíz;HON;MF;RB New York;22-240;2004;3;0;35;0.4;0;0;0;0;0;0;0;0;0.00;0.00;0.00;0.00;0.00;Matches
705;David Ruíz;HON;MF;Inter Miami;22-240;2004;9;3;254;2.8;0;0;0;0;0;0;2;0;0.00;0.00;0.00;0.00;0.00;Matches
706;Pablo Ruíz;ARG;MF;LA Galaxy;27-290;1998;5;3;328;3.6;1;0;1;1;0;0;1;0;0.27;0.00;0.27;0.27;0.27;Matches
707;Pablo Ruíz;ARG;MF;Real Salt Lake;27-290;1998;7;2;245;2.7;0;0;0;0;0;0;1;0;0.00;0.00;0.00;0.00;0.00;Matches
708;Albert Rusnák;SVK;MF,FW;Seattle Sounders;32-091;1994;26;21;2010;22.3;4;11;15;2;2;2;0;0;0.18;0.49;0.67;0.09;0.58;Matches
709;Cesar Ruvalcaba;USA;DF;Columbus Crew;25-085;2001;7;3;336;3.7;0;0;0;0;0;0;2;0;0.00;0.00;0.00;0.00;0.00;Matches
710;Jorge Ruvalcaba;MEX;FW,MF;RB New York;25-075;2001;26;21;1743;19.4;7;0;7;7;0;0;5;0;0.36;0.00;0.36;0.36;0.36;Matches
711;Elias Saad;TUN;MF;Nashville SC;26-283;1999;10;7;604;6.7;0;3;3;0;0;0;1;0;0.00;0.45;0.45;0.00;0.45;Matches
712;Emmanuel Sabbi;USA;MF;Vancouver;28-286;1997;21;14;1156;12.8;4;3;7;4;0;0;4;0;0.31;0.23;0.54;0.31;0.54;Matches
713;Besard Sabovic;SWE;MF;Austin FC;28-274;1998;22;12;1215;13.5;0;1;1;0;0;0;5;0;0.00;0.07;0.07;0.00;0.07;Matches
714;Anisse Saidi;TUN;FW;San Diego FC;18-108;2008;2;0;21;0.2;0;1;1;0;0;0;0;0;0.00;4.29;4.29;0.00;4.29;Matches
715;Ryan Sailor;USA;DF;Seattle Sounders;27-313;1998;1;1;90;1.0;0;0;0;0;0;0;1;0;0.00;0.00;0.00;0.00;0.00;Matches
716;Allan Saint-Maximin;FRA;MF,FW;Charlotte;29-208;1997;9;7;664;7.4;1;2;3;1;0;0;2;0;0.14;0.27;0.41;0.14;0.41;Matches
717;Anton Salétros;SWE;MF;Chicago Fire;30-177;1996;21;20;1772;19.7;0;0;0;0;0;0;5;0;0.00;0.00;0.00;0.00;0.00;Matches
718;Dániel Sallói;HUN;MF,FW;Toronto FC;30-079;1996;27;25;2261;25.1;7;6;13;7;0;0;2;0;0.28;0.24;0.52;0.28;0.52;Matches
719;Diadie Samassékou;MLI;MF;Houston;30-268;1996;22;11;897;10.0;0;0;0;0;0;0;0;0;0.00;0.00;0.00;0.00;0.00;Matches
720;Lucas Sanabria;URU;MF;LA Galaxy;22-284;2003;26;17;1475;16.4;2;1;3;2;0;0;7;1;0.12;0.06;0.18;0.12;0.18;Matches
721;Alexis Sánchez;CHI;MF;CF Montréal;37-291;1988;8;4;437;4.9;0;0;0;0;0;0;0;0;0.00;0.00;0.00;0.00;0.00;Matches
722;Cooper Sanchez;USA;MF;Atlanta Utd;18-194;2008;24;22;1731;19.2;0;1;1;0;0;0;6;0;0.00;0.05;0.05;0.00;0.05;Matches
723;Ilie Sánchez;ESP;MF;Austin FC;35-319;1990;21;16;1142;12.7;1;0;1;1;0;0;4;0;0.08;0.00;0.08;0.08;0.08;Matches
724;Gallatin Sandnes;USA;DF;Seattle Sounders;18-125;2008;1;0;32;0.4;0;0;0;0;0;0;0;0;0.00;0.00;0.00;0.00;0.00;Matches
725;James Sands;USA;DF,MF;NYCFC;26-092;2000;12;12;1059;11.8;1;0;1;1;0;0;1;0;0.08;0.00;0.08;0.08;0.08;Matches
726;William Sands;USA;DF;NE Revolution;26-092;2000;27;27;2345;26.1;1;0;1;1;0;0;4;0;0.04;0.00;0.04;0.04;0.04;Matches
727;Edvard Sandvik Tagseth;NOR;MF;Nashville SC;25-256;2001;22;17;1493;16.6;1;0;1;1;0;0;2;0;0.06;0.00;0.06;0.06;0.06;Matches
728;Jeong Sangbin;KOR;MF,FW;St. Louis City;24-188;2002;20;14;973;10.8;2;1;3;2;0;0;1;0;0.18;0.09;0.28;0.18;0.28;Matches
729;Sergio Santos Gomes;BRA;FW;Atlanta Utd;32-032;1994;6;0;80;0.9;0;0;0;0;0;0;0;0;0.00;0.00;0.00;0.00;0.00;Matches
730;Lineker Rodrigues dos Santos;BRA;FW,MF;Real Salt Lake;24-208;2002;9;3;300;3.3;0;1;1;0;0;0;3;0;0.00;0.30;0.30;0.00;0.30;Matches
731;Rafael Santos;BRA;MF;St. Louis City;28-243;1998;16;12;1087;12.1;1;1;2;1;0;0;1;0;0.08;0.08;0.17;0.08;0.17;Matches
732;Marcelo Saracchi;URU;DF;Houston;28-166;1998;3;1;81;0.9;0;0;0;0;0;0;0;0;0.00;0.00;0.00;0.00;0.00;Matches
733;Harvey Sarajian;USA;FW;Orlando City;21-253;2005;9;0;128;1.4;1;1;2;1;0;0;2;0;0.70;0.70;1.41;0.70;1.41;Matches
734;Kieran Sargeant;USA;DF,MF;San Diego FC;23-174;2003;18;15;1221;13.6;1;1;2;1;0;0;1;0;0.07;0.07;0.15;0.07;0.15;Matches
735;Josh Sargent;USA;FW;Toronto FC;26-228;2000;20;18;1523;16.9;7;2;9;7;0;0;0;0;0.41;0.12;0.53;0.41;0.53;Matches
736;Samuel Sarver;USA;MF,FW;FC Dallas;23-217;2003;18;2;334;3.7;3;1;4;3;0;0;4;0;0.81;0.27;1.08;0.81;1.08;Matches
737;David Schnegg;AUT;DF;Charlotte;28-007;1998;18;12;1167;13.0;2;3;5;2;0;0;7;1;0.15;0.23;0.39;0.15;0.39;Matches
738;Sebastian Schonlau;GER;DF,MF;Vancouver;32-062;1994;1;0;26;0.3;0;0;0;0;0;0;0;0;0.00;0.00;0.00;0.00;0.00;Matches
739;Patrick Schulte;USA;GK;Columbus Crew;25-207;2001;27;27;2430;27.0;0;0;0;0;0;0;2;0;0.00;0.00;0.00;0.00;0.00;Matches
740;Brian Schwake;USA;GK;Nashville SC;25-043;2001;26;26;2340;26.0;0;1;1;0;0;0;1;0;0.00;0.04;0.04;0.00;0.04;Matches
741;Dante Sealy;TRI;MF,FW;Colorado Rapids;23-172;2003;20;15;1080;12.0;0;2;2;0;0;0;1;0;0.00;0.17;0.17;0.00;0.17;Matches
742;Dante Sealy;TRI;MF,FW;CF Montréal;23-172;2003;4;2;213;2.4;0;0;0;0;0;0;1;0;0.00;0.00;0.00;0.00;0.00;Matches
743;Telasco Segovia;VEN;MF;Inter Miami;23-187;2003;23;22;1823;20.3;3;8;11;3;0;0;9;0;0.15;0.39;0.54;0.15;0.54;Matches
744;Eddie Segura;COL;DF,MF;LAFC;29-246;1997;24;23;2046;22.7;0;0;0;0;0;0;5;0;0.00;0.00;0.00;0.00;0.00;Matches
745;Amar Sejdic;USA;MF;Columbus Crew;29-311;1996;7;1;186;2.1;0;0;0;0;0;0;0;0;0.00;0.00;0.00;0.00;0.00;Matches
746;Johnny Selemani;CAN;FW;Vancouver;18-204;2008;1;0;6;0.1;0;0;0;0;0;0;0;0;0.00;0.00;0.00;0.00;0.00;Matches
747;Giovanny Sequera;VEN;DF;Philadelphia;20-234;2006;1;1;81;0.9;0;0;0;0;0;0;0;0;0.00;0.00;0.00;0.00;0.00;Matches
748;Brandon Servania;USA;MF;D.C. United;27-208;1999;25;22;1850;20.6;0;0;0;0;0;0;2;0;0.00;0.00;0.00;0.00;0.00;Matches
749;Japhet Sery;DEN;DF;Philadelphia;26-179;2000;13;11;880;9.8;1;0;1;1;0;0;5;1;0.10;0.00;0.10;0.10;0.10;Matches
750;Jacob Shaffelburg;CAN;MF,FW;LAFC;26-314;1999;16;8;774;8.6;0;3;3;0;0;0;0;0;0.00;0.35;0.35;0.00;0.35;Matches
751;Alexander Shaw;USA;MF;Inter Miami;18-216;2008;6;0;96;1.1;1;0;1;1;0;0;1;0;0.94;0.00;0.94;0.94;0.94;Matches
752;Jason Shokalook;USA;FW;Real Salt Lake;24-006;2002;4;1;93;1.0;0;0;0;0;0;0;0;0;0.00;0.00;0.00;0.00;0.00;Matches
753;Jason Shokalook;USA;FW;Chicago Fire;24-006;2002;9;0;46;0.5;0;0;0;0;0;0;0;0;0.00;0.00;0.00;0.00;0.00;Matches
754;Jonathan Shore;USA;MF;NYCFC;19-176;2007;19;7;667;7.4;0;0;0;0;0;0;1;0;0.00;0.00;0.00;0.00;0.00;Matches
755;Armindo Sieb;GER;FW;LAFC;23-231;2003;5;3;240;2.7;1;0;1;1;0;0;1;0;0.37;0.00;0.37;0.37;0.37;Matches
756;Mateo Silvetti;ARG;MF,FW;Inter Miami;20-265;2006;14;10;869;9.7;3;3;6;3;0;0;1;0;0.31;0.31;0.62;0.31;0.62;Matches
757;Nicholas Simmonds;JAM;FW;FC Dallas;19-293;2006;4;1;108;1.2;0;0;0;0;0;0;1;0;0.00;0.00;0.00;0.00;0.00;Matches
758;Judah Siqueira;USA;FW;NE Revolution;17-193;2009;2;0;29;0.3;0;0;0;0;0;0;0;0;0.00;0.00;0.00;0.00;0.00;Matches
759;Jonathan Sirois;CAN;GK;FC Dallas;25-101;2001;11;10;972;10.8;0;0;0;0;0;0;0;0;0.00;0.00;0.00;0.00;0.00;Matches
760;Pablo Sisniega;MEX;GK;San Diego FC;31-091;1995;1;1;90;1.0;0;0;0;0;0;0;0;0;0.00;0.00;0.00;0.00;0.00;Matches
761;Jack Skahan;USA;MF,FW;SJ Earthquakes;28-241;1998;21;8;698;7.8;2;2;4;2;0;0;1;0;0.26;0.26;0.52;0.26;0.52;Matches
762;Tyger Smalls;;FW;Charlotte;24-018;2002;13;0;179;2.0;0;0;0;0;0;0;1;0;0.00;0.00;0.00;0.00;0.00;Matches
763;Alec Smir;JOR;GK;Minnesota Utd;27-176;1999;1;0;45;0.5;0;0;0;0;0;0;0;0;0.00;0.00;0.00;0.00;0.00;Matches
764;Ian Smith;USA;DF;Portland Timbers;24-082;2002;20;2;516;5.7;0;0;0;0;0;0;3;0;0.00;0.00;0.00;0.00;0.00;Matches
765;Kyle Smith;USA;DF,MF;FC Cincinnati;34-270;1992;21;10;1018;11.3;1;0;1;1;0;0;2;1;0.09;0.00;0.09;0.09;0.09;Matches
766;Artem Smoliakov;UKR;MF,DF;LAFC;23-130;2003;5;2;175;1.9;0;0;0;0;0;0;1;0;0.00;0.00;0.00;0.00;0.00;Matches
767;Mohammed Sofo;GHA;MF,FW;RB New York;21-310;2004;20;7;847;9.4;1;1;2;1;0;0;4;0;0.11;0.11;0.21;0.11;0.21;Matches
768;Sergi Solans;ESP;FW;Real Salt Lake;23-222;2003;25;21;1751;19.5;11;3;14;11;0;0;1;0;0.57;0.15;0.72;0.57;0.72;Matches
769;Pedro Soma;USA;MF;San Diego FC;20-098;2006;9;4;400;4.4;1;2;3;1;0;0;2;0;0.23;0.45;0.68;0.23;0.68;Matches
770;Tyrese Spicer;TRI;MF,FW;Orlando City;25-306;2000;22;8;871;9.7;6;1;7;6;0;0;1;0;0.62;0.10;0.72;0.62;0.72;Matches
771;Stijn Spierings;NED;MF;Real Salt Lake;30-208;1996;18;15;1270;14.1;1;1;2;1;0;0;2;0;0.07;0.07;0.14;0.07;0.14;Matches
772;Dayne St. Clair;CAN;GK;Inter Miami;29-150;1997;21;21;1890;21.0;0;0;0;0;0;0;4;0;0.00;0.00;0.00;0.00;0.00;Matches
773;Mason Stajduhar;USA;GK;Real Salt Lake;28-308;1997;1;1;90;1.0;0;0;0;0;0;0;0;0;0.00;0.00;0.00;0.00;0.00;Matches
774;Lazar Stefanovic;CAN;DF;Toronto FC;20-057;2006;6;1;198;2.2;0;0;0;0;0;0;1;0;0.00;0.00;0.00;0.00;0.00;Matches
775;Zack Steffen;USA;GK;Colorado Rapids;31-187;1995;9;9;810;9.0;0;0;0;0;0;0;0;0;0.00;0.00;0.00;0.00;0.00;Matches
776;Kimani Stewart-Baynes;CAN;FW;Colorado Rapids;21-262;2005;1;0;10;0.1;0;0;0;0;0;0;0;0;0.00;0.00;0.00;0.00;0.00;Matches
777;Noah Streit;SUI;FW;CF Montréal;20-360;2005;22;11;1059;11.8;1;1;2;1;0;0;1;0;0.08;0.08;0.17;0.08;0.17;Matches
778;Jared Stroud;USA;MF;D.C. United;30-088;1996;18;4;494;5.5;1;0;1;1;0;0;4;0;0.18;0.00;0.18;0.18;0.18;Matches
779;Peter Stroud;USA;MF;Minnesota Utd;24-166;2002;1;0;23;0.3;0;0;0;0;0;0;0;0;0.00;0.00;0.00;0.00;0.00;Matches
780;Brad Stuver;USA;GK;Austin FC;35-173;1991;25;25;2250;25.0;0;0;0;0;0;0;2;0;0.00;0.00;0.00;0.00;0.00;Matches
781;Ignacio Suarez;USA;MF;Atlanta Utd;17-186;2009;1;0;2;0.0;0;0;0;0;0;0;0;0;0.00;0.00;0.00;0.00;0.00;Matches
782;Luis Suárez;URU;FW;Inter Miami;39-255;1987;23;19;1669;18.5;13;3;16;11;2;2;1;0;0.70;0.16;0.86;0.59;0.75;Matches
783;Magomed-Shapi Suleymanov;RUS;MF,FW;Sporting KC;26-294;1999;22;12;1057;11.7;1;1;2;1;0;0;2;0;0.09;0.09;0.17;0.09;0.17;Matches
784;Cavan Sullivan;USA;MF;Philadelphia;17-008;2009;24;17;1444;16.0;7;5;12;7;0;0;2;1;0.44;0.31;0.75;0.44;0.75;Matches
785;Quinn Sullivan;USA;MF;Philadelphia;22-193;2004;12;2;414;4.6;1;3;4;0;1;1;3;0;0.22;0.65;0.87;0.00;0.65;Matches
786;Finn Sundstrom;USA;DF;Philadelphia;19-321;2006;2;1;53;0.6;0;0;0;0;0;0;0;0;0.00;0.00;0.00;0.00;0.00;Matches
787;Finn Surman;NZL;DF;Portland Timbers;23-013;2003;26;26;2295;25.5;1;1;2;1;0;0;2;0;0.04;0.04;0.08;0.04;0.08;Matches
788;Sam Surridge;ENG;FW;Nashville SC;28-070;1998;21;17;1628;18.1;16;1;17;13;3;3;3;0;0.88;0.06;0.94;0.72;0.77;Matches
789;Oleksandr Svatok;UKR;DF;Austin FC;32-009;1994;23;20;1797;20.0;1;0;1;1;0;0;3;0;0.05;0.00;0.05;0.05;0.05;Matches
790;Erik Sviatchenko;DEN;DF;Houston;35-002;1991;10;7;619;6.9;1;0;1;1;0;0;4;1;0.15;0.00;0.15;0.15;0.15;Matches
791;Caleb Swann;USA;MF;FC Dallas;19-244;2007;2;0;8;0.1;0;0;0;0;0;0;0;0;0.00;0.00;0.00;0.00;0.00;Matches
792;Hennadii Synchuk;UKR;FW,MF;CF Montréal;20-088;2006;18;13;1075;11.9;1;1;2;1;0;0;3;0;0.08;0.08;0.17;0.08;0.17;Matches
793;Osvald Søe;DEN;DF;San Diego FC;20-335;2005;6;5;417;4.6;0;0;0;0;0;0;1;0;0.00;0.00;0.00;0.00;0.00;Matches
794;Nkosi Tafari;USA;DF;LAFC;29-197;1997;23;20;1808;20.1;0;1;1;0;0;0;3;0;0.00;0.05;0.05;0.00;0.05;Matches
795;Zakaria Taifi;USA;DF,MF;Orlando City;21-005;2005;19;7;793;8.8;0;3;3;0;0;0;0;0;0.00;0.34;0.34;0.00;0.34;Matches
796;Yohei Takaoka;JPN;GK;Vancouver;30-204;1996;25;25;2223;24.7;0;1;1;0;0;0;0;1;0.00;0.04;0.04;0.00;0.04;Matches
797;Strahinja Tanasijević;SRB;DF;NYCFC;29-116;1997;3;1;83;0.9;0;0;0;0;0;0;0;0;0.00;0.00;0.00;0.00;0.00;Matches
798;Gonzalo Tapia;CHI;FW;Columbus Crew;24-230;2002;5;1;168;1.9;1;1;2;1;0;0;0;0;0.54;0.54;1.07;0.54;1.07;Matches
799;D.J. Taylor;USA;DF;Minnesota Utd;29-041;1997;4;1;116;1.3;0;0;0;0;0;0;1;0;0.00;0.00;0.00;0.00;0.00;Matches
800;Robert Taylor;FIN;FW,MF;Austin FC;31-350;1994;2;0;55;0.6;0;1;1;0;0;0;0;0;0.00;1.64;1.64;0.00;1.64;Matches
801;Robert Taylor;FIN;MF,FW;LA Galaxy;31-350;1994;13;9;765;8.5;1;1;2;1;0;0;1;0;0.12;0.12;0.24;0.12;0.24;Matches
802;Jude Terry;USA;MF;LAFC;17-363;2008;12;4;346;3.8;2;1;3;2;0;0;0;0;0.52;0.26;0.78;0.52;0.78;Matches
803;Cedric Teuchert;GER;FW,MF;St. Louis City;29-265;1997;10;4;300;3.3;0;1;1;0;0;0;0;0;0.00;0.30;0.30;0.00;0.30;Matches
804;Jamal Thiaré;SEN;FW;Columbus Crew;33-189;1993;15;3;405;4.5;2;0;2;2;0;0;3;0;0.44;0.00;0.44;0.44;0.44;Matches
805;Andrew Thomas;RUS;GK;Seattle Sounders;28-035;1998;27;27;2430;27.0;0;0;0;0;0;0;0;0;0.00;0.00;0.00;0.00;0.00;Matches
806;Erik Thommy;GER;MF,FW;LA Galaxy;32-047;1994;17;10;825;9.2;1;0;1;1;0;0;1;0;0.11;0.00;0.11;0.11;0.11;Matches
807;Kosi Thompson;CAN;DF;Toronto FC;23-252;2003;2;2;135;1.5;0;0;0;0;0;0;0;0;0.00;0.00;0.00;0.00;0.00;Matches
808;Kosi Thompson;CAN;DF,MF;Colorado Rapids;23-252;2003;14;9;829;9.2;2;0;2;2;0;0;5;0;0.22;0.00;0.22;0.22;0.22;Matches
809;Tiago;BRA;MF,FW;Orlando City;21-181;2005;20;12;835;9.3;1;1;2;1;0;0;4;0;0.11;0.11;0.22;0.11;0.22;Matches
810;Cheikh Tidiane Sabaly;SEN;MF;Vancouver;27-216;1999;20;11;881;9.8;2;1;3;2;0;0;1;0;0.20;0.10;0.31;0.20;0.31;Matches
811;Sékou Tidiany Bangoura;GUI;MF;Columbus Crew;24-184;2002;17;6;620;6.9;1;0;1;1;0;0;4;0;0.15;0.00;0.15;0.15;0.15;Matches
812;Timothy Tillman;USA;MF;LAFC;27-275;1999;19;15;1180;13.1;1;2;3;1;0;0;3;0;0.08;0.15;0.23;0.08;0.23;Matches
813;Harry Toffolo;ENG;DF;Charlotte;31-048;1995;15;14;1115;12.4;0;2;2;0;0;0;2;0;0.00;0.16;0.16;0.00;0.16;Matches
814;Cayman Togashi;JPN;FW;Atlanta Utd;33-057;1993;7;1;105;1.2;0;0;0;0;0;0;0;0;0.00;0.00;0.00;0.00;0.00;Matches
815;Nouhou Tolo;CMR;DF;Seattle Sounders;29-105;1997;27;26;2311;25.7;0;1;1;0;0;0;3;0;0.00;0.04;0.04;0.00;0.04;Matches
816;Joshua Torquato;USA;MF;FC Dallas;19-074;2007;1;1;90;1.0;0;0;0;0;0;0;1;0;0.00;0.00;0.00;0.00;0.00;Matches
817;Ervin Torres;USA;MF,FW;Austin FC;18-326;2007;14;8;821;9.1;1;3;4;1;0;0;2;0;0.11;0.33;0.44;0.11;0.44;Matches
818;Facundo Torres;URU;MF,FW;Austin FC;26-176;2000;27;25;2165;24.1;4;6;10;4;0;0;3;0;0.17;0.25;0.42;0.17;0.42;Matches
819;Tomas Totland;NOR;MF;St. Louis City;27-008;1999;23;17;1624;18.0;3;4;7;3;0;0;4;0;0.17;0.22;0.39;0.17;0.39;Matches
820;Bénie Traoré;CIV;FW,MF;NYCFC;23-310;2002;12;9;684;7.6;1;0;1;0;1;1;0;0;0.13;0.00;0.13;0.00;0.00;Matches
821;Wil Trapp;USA;MF;Minnesota Utd;33-264;1993;26;20;1765;19.6;0;2;2;0;0;0;2;0;0.00;0.10;0.10;0.00;0.10;Matches
822;Jackson Travis;USA;DF,MF;Colorado Rapids;22-225;2004;15;12;886;9.8;0;1;1;0;0;0;2;1;0.00;0.10;0.10;0.00;0.10;Matches
823;Kai Trewin;AUS;MF,DF;NYCFC;25-141;2001;15;14;1254;13.9;0;0;0;0;0;0;3;0;0.00;0.00;0.00;0.00;0.00;Matches
824;Nectarios Triantis;GRE;MF;Minnesota Utd;23-148;2003;21;15;1310;14.6;1;1;2;1;0;0;3;0;0.07;0.07;0.14;0.07;0.14;Matches
825;Niko Tsakiris;USA;MF;SJ Earthquakes;21-109;2005;19;18;1479;16.4;3;7;10;2;1;2;3;0;0.18;0.43;0.61;0.12;0.55;Matches
826;Cielo Tschantret;USA;MF;Sporting KC;20-226;2006;1;1;50;0.6;0;0;0;0;0;0;0;0;0.00;0.00;0.00;0.00;0.00;Matches
827;Yutaro Tsukada;JPN;FW;Orlando City;25-070;2001;2;0;24;0.3;0;0;0;0;0;0;0;0;0.00;0.00;0.00;0.00;0.00;Matches
828;Dor Turgeman;ISR;FW;NE Revolution;22-347;2003;26;26;2104;23.4;7;7;14;7;0;0;1;0;0.30;0.30;0.60;0.30;0.60;Matches
829;Gavin Turner;USA;MF;D.C. United;19-274;2007;3;0;46;0.5;0;0;0;0;0;0;0;0;0.00;0.00;0.00;0.00;0.00;Matches
830;Matt Turner;USA;GK;NE Revolution;32-104;1994;27;27;2430;27.0;0;0;0;0;0;0;1;0;0.00;0.00;0.00;0.00;0.00;Matches
831;Jeppe Tverskov;DEN;MF;San Diego FC;33-208;1993;21;19;1722;19.1;0;3;3;0;0;0;4;1;0.00;0.16;0.16;0.00;0.16;Matches
832;Osaze Urhoghide;NED;DF;FC Dallas;26-094;2000;22;22;1979;22.0;2;1;3;2;0;0;6;0;0.09;0.05;0.14;0.09;0.14;Matches
833;Myrto Uzuni;ALB;FW;Austin FC;31-128;1995;19;18;1607;17.9;6;0;6;5;1;1;5;0;0.34;0.00;0.34;0.28;0.28;Matches
834;Onni Valakari;FIN;MF,FW;San Diego FC;27-049;1999;25;24;1945;21.6;4;4;8;3;1;1;1;0;0.19;0.19;0.37;0.14;0.32;Matches
835;Omar Valencia;PAN;DF;RB New York;22-120;2004;12;1;371;4.1;0;0;0;0;0;0;5;0;0.00;0.00;0.00;0.00;0.00;Matches
836;Gerardo Valenzuela;USA;MF;FC Cincinnati;22-008;2004;22;18;1531;17.0;1;4;5;1;0;0;2;2;0.06;0.24;0.29;0.06;0.29;Matches
837;Joaquín Valiente;URU;MF,FW;FC Dallas;25-176;2001;25;19;1713;19.0;2;9;11;2;0;0;1;0;0.11;0.47;0.58;0.11;0.58;Matches
838;Kerwin Vargas;COL;MF;Charlotte;24-277;2002;17;12;993;11.0;3;4;7;3;0;0;0;0;0.27;0.36;0.63;0.27;0.63;Matches
839;Sergio Vasquez;ECU;MF;LAFC;22-275;2004;1;0;45;0.5;0;0;0;0;0;0;0;0;0.00;0.00;0.00;0.00;0.00;Matches
840;Indiana Vassilev;USA;MF;Philadelphia;25-232;2001;26;23;1689;18.8;4;5;9;3;1;1;1;0;0.21;0.27;0.48;0.16;0.43;Matches
841;Brandon Vazquez;USA;FW;Austin FC;27-357;1998;16;8;836;9.3;1;1;2;1;0;0;0;0;0.11;0.11;0.22;0.11;0.22;Matches
842;David Vazquez;USA;MF,FW;San Diego FC;20-226;2006;19;11;905;10.1;3;0;3;3;0;0;4;0;0.30;0.00;0.30;0.30;0.30;Matches
843;Kristoffer Velde;NOR;MF,FW;Portland Timbers;27-027;1999;26;25;2212;24.6;8;6;14;8;0;1;3;0;0.33;0.24;0.57;0.33;0.57;Matches
844;Brayan Vera;COL;DF;CF Montréal;27-264;1999;22;22;1857;20.6;1;1;2;1;0;0;5;1;0.05;0.05;0.10;0.05;0.10;Matches
845;Oscar Verhoeven;USA;DF,MF;San Diego FC;20-128;2006;24;18;1706;19.0;0;0;0;0;0;0;5;0;0.00;0.00;0.00;0.00;0.00;Matches
846;Ranko Veselinović;SRB;DF;Vancouver;27-196;1999;4;1;38;0.4;0;0;0;0;0;0;0;0;0.00;0.00;0.00;0.00;0.00;Matches
847;Ronaldo Vieira;GNB;MF;SJ Earthquakes;28-079;1998;21;19;1645;18.3;0;0;0;0;0;0;6;0;0.00;0.00;0.00;0.00;0.00;Matches
848;Jules-Anthony Vilsaint;CAN;MF;Toronto FC;23-273;2003;4;1;118;1.3;0;0;0;0;0;0;0;0;0.00;0.00;0.00;0.00;0.00;Matches
849;Sam Vines;USA;DF;Houston;27-128;1999;3;1;83;0.9;0;0;0;0;0;0;0;0;0.00;0.00;0.00;0.00;0.00;Matches
850;Sam Vines;USA;DF;San Diego FC;27-128;1999;1;0;1;0.0;0;0;0;0;0;0;0;0;0.00;0.00;0.00;0.00;0.00;Matches
851;Robert Voloder;BIH;DF;RB New York;25-150;2001;9;8;713;7.9;0;0;0;0;0;0;2;0;0.00;0.00;0.00;0.00;0.00;Matches
852;Kai Wagner;GER;DF;Philadelphia;29-233;1997;12;12;1080;12.0;0;3;3;0;0;0;4;0;0.00;0.25;0.25;0.00;0.25;Matches
853;Conrad Wallem;NOR;MF;St. Louis City;26-119;2000;23;23;1972;21.9;1;5;6;1;0;0;7;1;0.05;0.23;0.27;0.05;0.27;Matches
854;Joel Waterman;CAN;DF;Portland Timbers;30-255;1996;3;2;190;2.1;0;0;0;0;0;0;1;0;0.00;0.00;0.00;0.00;0.00;Matches
855;Joel Waterman;CAN;DF;Chicago Fire;30-255;1996;15;11;1097;12.2;1;0;1;1;0;0;5;0;0.08;0.00;0.08;0.08;0.08;Matches
856;Timo Werner;GER;MF,FW;SJ Earthquakes;30-214;1996;15;10;995;11.1;6;5;11;3;3;4;2;0;0.54;0.45;0.99;0.27;0.72;Matches
857;Frankie Westfield;USA;DF;Philadelphia;20-301;2005;22;22;1880;20.9;0;7;7;0;0;0;1;0;0.00;0.34;0.34;0.00;0.34;Matches
858;Ashley Westwood;ENG;MF;Charlotte;36-188;1990;24;23;2043;22.7;3;4;7;3;0;0;11;1;0.13;0.18;0.31;0.13;0.31;Matches
859;Brian White;USA;FW;Vancouver;30-245;1996;24;23;1983;22.0;17;2;19;16;1;1;2;0;0.77;0.09;0.86;0.73;0.82;Matches
860;Morgan Whittaker;ENG;FW;Colorado Rapids;25-272;2001;3;2;217;2.4;2;0;2;2;0;0;0;0;0.83;0.00;0.83;0.83;0.83;Matches
861;Loïc Williams;ESP;DF;Colorado Rapids;24-272;2002;12;12;1080;12.0;1;0;1;1;0;0;1;0;0.08;0.00;0.08;0.08;0.08;Matches
862;Samuel Williams;USA;MF;Chicago Fire;21-202;2005;1;1;64;0.7;0;0;0;0;0;0;0;0;0.00;0.00;0.00;0.00;0.00;Matches
863;Joe Willis;USA;GK;Nashville SC;38-057;1988;1;1;90;1.0;0;0;0;0;0;0;0;0;0.00;0.00;0.00;0.00;0.00;Matches
864;Henry Wingo;USA;DF,MF;Toronto FC;31-002;1995;1;0;13;0.1;0;0;0;0;0;0;0;0;0.00;0.00;0.00;0.00;0.00;Matches
865;Maxwell Woledzi;GHA;DF;Nashville SC;25-096;2001;27;26;2352;26.1;2;0;2;2;0;0;1;0;0.08;0.00;0.08;0.08;0.08;Matches
866;Hannes Wolf;AUT;MF,FW;NYCFC;27-173;1999;21;15;1354;15.0;5;2;7;5;0;0;2;0;0.33;0.13;0.47;0.33;0.47;Matches
867;Owen Wolff;USA;MF;Sporting KC;21-280;2004;2;0;40;0.4;0;0;0;0;0;0;0;0;0.00;0.00;0.00;0.00;0.00;Matches
868;Owen Wolff;USA;MF;Austin FC;21-280;2004;8;4;378;4.2;0;0;0;0;0;0;0;0;0.00;0.00;0.00;0.00;0.00;Matches
869;Nathan Worth;USA;MF;RB New York;19-222;2007;1;0;7;0.1;0;0;0;0;0;0;0;0;0.00;0.00;0.00;0.00;0.00;Matches
870;Elijah Wynder;USA;MF;LA Galaxy;23-210;2003;19;12;1055;11.7;0;0;0;0;0;0;2;0;0.00;0.00;0.00;0.00;0.00;Matches
871;Joshua Wynder;USA;DF;NE Revolution;21-157;2005;3;1;90;1.0;0;0;0;0;0;0;1;0;0.00;0.00;0.00;0.00;0.00;Matches
872;Miki Yamane;JPN;DF;LA Galaxy;32-288;1993;16;12;968;10.8;0;1;1;0;0;0;1;0;0.00;0.09;0.09;0.00;0.09;Matches
873;Darren Yapi;USA;FW,MF;Colorado Rapids;21-321;2004;27;14;1287;14.3;3;2;5;3;0;0;5;0;0.21;0.14;0.35;0.21;0.35;Matches
874;Patrick Yazbek;AUS;MF;Nashville SC;24-184;2002;17;12;1035;11.5;1;3;4;1;0;0;1;0;0.09;0.26;0.35;0.09;0.35;Matches
875;Kelvin Yeboah;ITA;FW;Minnesota Utd;26-153;2000;26;23;1918;21.3;14;2;16;11;3;4;2;0;0.66;0.09;0.75;0.52;0.61;Matches
876;DeAndre Yedlin;USA;DF,MF;Real Salt Lake;33-089;1993;20;18;1511;16.8;0;1;1;0;0;0;7;0;0.00;0.06;0.06;0.00;0.06;Matches
877;Maya Yoshida;JPN;DF;LA Galaxy;38-043;1988;21;12;1037;11.5;2;0;2;2;0;0;0;0;0.17;0.00;0.17;0.17;0.17;Matches
878;Griffin Yow;USA;MF,FW;NE Revolution;24-011;2002;21;9;868;9.6;1;0;1;1;0;0;3;0;0.10;0.00;0.10;0.10;0.10;Matches
879;Jackson Yueill;USA;MF;NE Revolution;29-201;1997;16;5;539;6.0;0;2;2;0;0;0;0;0;0.00;0.33;0.33;0.00;0.33;Matches
880;Alhassan Yusuf;NGA;MF;NE Revolution;26-080;2000;24;21;1840;20.4;5;2;7;5;0;0;4;0;0.24;0.10;0.34;0.24;0.34;Matches
881;Wilfried Zaha;CIV;MF,FW;Charlotte;33-330;1992;13;13;1161;12.9;3;1;4;3;0;0;7;0;0.23;0.08;0.31;0.23;0.31;Matches
882;Bryan Zamblé;CIV;FW;San Diego FC;18-229;2008;10;1;157;1.7;2;0;2;2;0;0;0;0;1.15;0.00;1.15;1.15;1.15;Matches
883;Marcos Zambrano;USA;FW;NE Revolution;21-259;2005;9;3;253;2.8;0;1;1;0;0;0;0;0;0.00;0.36;0.36;0.00;0.36;Matches
884;Anass Zaroury;MAR;MF;Columbus Crew;25-333;2000;2;2;158;1.8;0;0;0;0;0;0;0;0;0.00;0.00;0.00;0.00;0.00;Matches
885;Sean Zawadzki;USA;DF,MF;Columbus Crew;26-168;2000;27;27;2430;27.0;0;1;1;0;0;0;3;0;0.00;0.04;0.04;0.00;0.04;Matches
886;Zachary Zengue;USA;FW;St. Louis City;22-249;2004;1;0;19;0.2;0;0;0;0;0;0;0;0;0.00;0.00;0.00;0.00;0.00;Matches
887;Walker Zimmerman;USA;DF;Toronto FC;33-140;1993;22;21;1742;19.4;1;0;1;1;0;0;5;1;0.05;0.00;0.05;0.05;0.05;Matches
888;Philip Zinckernagel;DEN;MF,FW;Chicago Fire;31-294;1994;25;25;2037;22.6;5;8;13;4;1;2;4;0;0.22;0.35;0.57;0.18;0.53;Matches
889;Mateja Đorđević;SRB;DF;Austin FC;23-262;2003;7;2;284;3.2;0;0;0;0;0;0;1;0;0.00;0.00;0.00;0.00;0.00;Matches